strategy_name,stock_code,stock_name,trade_date,buy_price,sell_price,sell_date,return_rate,profit,is_profitable,sell_tick_steps,date,daily_budget,daily_investment,daily_return,daily_ratio,daily_real_return_rate,daily_budget_return_rate,has_trade,base_budget_return,remaining_budget_return,base_budget_return_rate,remaining_budget_return_rate,base_budget,remaining_budget,trade_count
倒接力31,600686.SH,未知,2024-09-06,14.46,13.77,2024-09-09,-0.0477178423236515,-9522.0,False,12,2024-09-06,200000.0,55195.0,-2869.0,0.275975,-0.014345,-0.05197934595524957,True,-2869.0,0,-0.019855149368422878,0.0,144496.52061357867,55503.47938642133,2
倒接力31,000516.SZ,未知,2024-09-10,4.78,4.51,2024-09-11,-0.0564853556485356,-10746.0,False,228,2024-09-10,197131.0,56450.0,-3682.9999999999964,0.2863578026794365,-0.018683007746118044,-0.06524357838795387,True,-3682.9999999999964,0,-0.025859456915341614,0.0,142423.71802537687,54707.281974623125,2
倒接力31,003015.SZ,未知,2024-09-11,13.55,13.37,2024-09-12,-0.0132841328413285,-2376.0,False,30,2024-09-11,193448.0,54300.0,-820.0,0.280695587444688,-0.004238865224763244,-0.015101289134438306,True,-820.0,0,-0.005867082759866688,0.0,139762.81459827782,53685.18540172218,2
倒接力31,002866.SZ,未知,2024-09-13,13.97,13.0,2024-09-18,-0.0694345025053686,-12222.0,False,6,2024-09-13,192628.0,53067.0,-3667.0,0.2754895446144901,-0.019036692484996988,-0.06910132474042248,True,-3667.0,0,-0.026348997753248414,0.0,139170.37886376216,53457.62113623784,2
倒接力31,002466.SZ,未知,2024-09-25,28.11,35.02,2024-09-30,0.2458199928850944,40078.00000000003,True,151,2024-09-25,188961.0,50787.0,12249.000000000007,0.268769746138092,0.06482289996348457,0.2411837674995571,True,12249.000000000007,0,0.0897224371745779,0.0,136521.0351583122,52439.96484168779,2
倒接力31,600239.SH,未知,2024-09-27,2.5,2.9,2024-09-30,0.1599999999999999,32800.0,True,170,2024-09-27,201210.0,57706.99999999999,8703.000000000007,0.28679986084190645,0.04325331742955125,0.15081359280503245,True,8703.000000000007,0,0.059867624833987367,0.0,145370.72456329083,55839.27543670917,2
倒接力31,002050.SZ,未知,2024-09-30,22.76,25.73,2024-10-08,0.1304920913884006,30887.99999999997,True,132,2024-09-30,209913.0,59202.0,7696.0,0.28203112718126083,0.03666280792518806,0.12999560825647782,True,7696.0,0,0.050745592723625436,0.0,151658.4906577907,58254.50934220929,2
倒接力31,002119.SZ,未知,2024-10-09,13.85,13.83,2024-10-10,-0.0014440433212996,-388.0,False,48,2024-10-09,217609.0,60742.0,110.0,0.27913367553731694,0.0005054937985101719,0.0018109380659181455,True,110.0,0,0.0006996622428881786,0.0,157218.7167710012,60390.2832289988,2
倒接力31,603052.SH,未知,2024-10-11,37.2,36.49,2024-10-14,-0.0190860215053763,-5112.0,False,151,2024-10-11,217719.0,59808.0,-1424.0000000000036,0.2747027131302275,-0.006540540788814957,-0.02380952380952387,True,-1424.0000000000036,0,-0.009052869593041713,0.0,157298.18985733867,60420.81014266133,2
倒接力31,000801.SZ,未知,2024-10-15,10.18,11.84,2024-10-17,0.1630648330058939,42828.0,True,903,2024-10-15,216295.0,61230.0,9810.0,0.28308560068425065,0.04535472387248896,0.1602155805977462,True,9810.0,0,0.06277621589765377,0.0,156269.37463057,60025.625369429996,2
倒接力31,002630.SZ,未知,2024-10-16,3.08,3.35,2024-10-17,0.0876623376623376,26838.0,True,82,2024-10-16,226105.0,65304.0,5046.0,0.2888215652020079,0.022317065080383006,0.0772693862550533,True,5046.0,0,0.030889415171545417,0.0,163356.92896666602,62748.07103333398,2
倒接力31,000402.SZ,未知,2024-10-17,3.5,3.12,2024-10-18,-0.1085714285714285,-36138.0,False,26,2024-10-17,231151.0,66433.0,-7465.0,0.28740087648333773,-0.03229490679252956,-0.11236885282916623,True,-7465.0,0,-0.04469990925095636,0.0,167002.5761817466,64148.42381825339,2
倒接力31,002625.SZ,未知,2024-10-18,32.69,37.54,2024-10-22,0.1483634138880392,43650.0,True,385,2024-10-18,223686.0,59274.0,8298.0,0.26498752715860624,0.03709664440331536,0.13999392651078044,True,8298.0,0,0.051346072896137684,0.0,161609.2435498448,62076.7564501552,2
倒接力31,600418.SH,未知,2024-10-21,34.0,35.49,2024-10-22,0.0438235294117647,14900.0,True,1234,2024-10-21,231984.0,61200.0,2682.0,0.2638112973308504,0.011561142147734326,0.043823529411764706,True,2682.0,0,0.016001966135436342,0.0,167604.40419010218,64379.595809897815,2
倒接力31,600100.SH,未知,2024-10-22,7.2,7.39,2024-10-24,0.0263888888888888,9367.0,True,389,2024-10-22,234666.0,67680.0,1786.0,0.28840991025542684,0.007610817076184876,0.02638888888888889,True,1786.0,0,0.010534256525855294,0.0,169542.10253153025,65123.897468469746,2
倒接力31,601162.SH,未知,2024-10-23,5.51,5.8,2024-10-24,0.0526315789473684,19198.0,True,961,2024-10-23,236452.0,67895.0,3445.0,0.28714073046537986,0.014569553228562244,0.05074011341041314,True,3445.0,0,0.020165957168650484,0.0,170832.4564606095,65619.54353939049,2
倒接力31,000595.SZ,未知,2024-10-24,10.1,9.7,2024-10-25,-0.0396039603960396,-15200.0,False,2,2024-10-24,239897.0,68000.0,-3010.0000000000036,0.28345498276343595,-0.012547051442910932,-0.044264705882353,True,-3010.0000000000036,0,-0.0173665793330277,0.0,173321.4090281784,66575.5909718216,2
倒接力31,002542.SZ,未知,2024-10-25,2.69,4.66,2024-10-31,0.7323420074349444,270087.0,True,-1,2024-10-25,236887.0,68309.0,49589.0,0.2883611173259824,0.20933609695762115,0.7259511923758216,True,49589.0,0,0.2897455192259478,0.0,171146.73639294406,65740.26360705594,2
倒接力31,600696.SH,未知,2024-10-28,14.99,17.08,2024-10-29,0.1394262841894595,89033.99999999988,True,2258,2024-10-28,286476.0,80865.0,11366.999999999985,0.28227495497004984,0.03967871654169978,0.14056761268781284,True,11366.999999999985,0,0.054919961218735505,0.0,206973.9261964778,79502.07380352219,2
倒接力31,002423.SZ,未知,2024-10-30,19.11,22.01,2024-10-31,0.1517530088958661,110200.00000000012,True,208,2024-10-30,297843.0,84722.0,12122.0,0.28445187565260893,0.0406992945948033,0.14307971955336277,True,12122.0,0,0.056332560011799614,0.0,215186.38594555057,82656.61405444943,2
倒接力31,002321.SZ,未知,2024-10-31,2.19,2.36,2024-11-01,0.0776255707762556,65059.0,True,651,2024-10-31,309965.0,89336.0,6716.0,0.28821318535963736,0.02166696239898053,0.0751768603922271,True,6716.0,0,0.029989597406187556,0.0,223944.32005993958,86020.67994006042,2
倒接力31,002513.SZ,未知,2024-11-01,5.4,6.14,2024-11-04,0.1370370370370369,123727.99999999988,True,342,2024-11-01,316681.0,91140.0,12012.0,0.2877974996921192,0.03793091470596594,0.13179723502304147,True,12012.0,0,0.05250080008141245,0.0,228796.51322214355,87884.48677785645,2
倒接力31,002568.SZ,未知,2024-11-04,24.15,25.24,2024-11-05,0.0451345755693581,46325.00000000012,True,492,2024-11-04,328693.0,92036.0,3876.0,0.2800059630110772,0.011792158640433474,0.042113955408753095,True,3876.0,0,0.01632171984537784,0.0,237474.97425019508,91218.02574980492,2
倒接力31,603019.SH,未知,2024-11-05,68.06,70.85,2024-11-06,0.0409932412577136,43803.0,True,46,2024-11-05,332569.0,95515.0,3674.9999999999854,0.28720355775793893,0.0110503384260108,0.03847563209967006,True,3674.9999999999854,0,0.015294954340890022,0.0,240275.31681968624,92293.68318031376,2
倒接力31,600751.SH,未知,2024-11-06,3.18,3.06,2024-11-07,-0.0377358490566038,-42144.0,False,2,2024-11-06,336244.0,96620.0,-4514.0,0.2873508523572168,-0.013424774865871212,-0.04671910577520182,True,-4514.0,0,-0.018581450693574215,0.0,242930.44038596074,93313.55961403926,2
倒接力31,603489.SH,未知,2024-11-07,26.88,25.06,2024-11-08,-0.0677083333333333,-72618.0,False,1481,2024-11-07,331730.0,91375.0,-6171.0,0.2754499140867573,-0.018602477918789377,-0.06753488372093024,True,-6171.0,0,-0.02574799426283384,0.0,239669.15391571226,92060.84608428774,2
倒接力31,600536.SH,未知,2024-11-08,62.48,68.21,2024-11-11,0.091709346991037,91680.0,True,718,2024-11-08,325559.0,87535.0,7958.999999999985,0.26887599482735847,0.024447181616849743,0.09092363054778071,True,7958.999999999985,0,0.03383774434573117,0.0,235210.7137721803,90348.28622781971,2
倒接力31,002992.SZ,未知,2024-11-11,65.43,72.5,2024-11-12,0.1080544092923734,118069.0,True,1302,2024-11-11,333518.0,92043.0,9456.999999999993,0.27597610923548355,0.028355291168692523,0.10274545592820739,True,9456.999999999993,0,0.03924702276329816,0.0,240960.95280999766,92557.04719000234,2
倒接力31,603009.SH,未知,2024-11-12,31.52,30.14,2024-11-13,-0.0437817258883248,-52992.0,False,28,2024-11-12,342975.0,94575.0,-4155.0,0.275748961294555,-0.012114585611196152,-0.043933386201427435,True,-4155.0,0,-0.016767996294656407,0.0,247793.47078721074,95181.52921278926,2
倒接力31,000795.SZ,未知,2024-11-13,15.27,12.42,2024-11-14,-0.1866404715127701,-216315.0,False,4,2024-11-13,338820.0,95914.0,-18910.0,0.2830824626645416,-0.05581134525706865,-0.1971557853910795,True,-18910.0,0,-0.07724939676066349,0.0,244791.55557146363,94028.44442853637,2
倒接力31,002779.SZ,未知,2024-11-14,55.51,58.74,2024-11-15,0.0581877139254189,54587.0,True,37,2024-11-14,319910.0,89280.0,4704.0,0.2790784908255447,0.014704135538120095,0.05268817204301075,True,4704.0,0,0.020352234746804435,0.0,231129.40954744976,88780.59045255024,2
倒接力31,600345.SH,未知,2024-11-18,27.17,26.65,2024-11-19,-0.0191387559808613,-19084.00000000012,False,2,2024-11-18,324614.0,92395.0,-1785.0,0.2846303609825824,-0.005498838620638666,-0.019319227230910764,True,-1785.0,0,-0.00761103256644358,0.0,234527.96771228113,90086.03228771887,2
倒接力31,002501.SZ,未知,2024-11-19,1.81,1.69,2024-11-20,-0.0662983425414365,-64848.0,False,2,2024-11-19,322829.0,93184.0,-6656.0,0.2886481697740909,-0.020617726412435065,-0.07142857142857142,True,-6656.0,0,-0.028537332698234632,0.0,233238.33626580494,89590.66373419506,2
倒接力31,600292.SH,未知,2024-11-20,15.0,14.99,2024-11-21,-0.0006666666666666,-608.0,False,387,2024-11-20,316173.0,90270.0,-330.0,0.2855082502300956,-0.001043732387015969,-0.0036556995679627785,True,-330.0,0,-0.0014446470857345849,0.0,228429.49205978506,87743.50794021494,2
倒接力31,002392.SZ,未知,2024-11-21,4.84,4.73,2024-11-22,-0.0227272727272726,-20734.999999999884,False,113,2024-11-21,315843.0,90396.0,-2417.9999999999854,0.2862054881697552,-0.007655702358450197,-0.026748971193415478,True,-2417.9999999999854,0,-0.010596382979938373,0.0,228191.07280077264,87651.92719922736,2
倒接力31,002713.SZ,未知,2024-11-22,4.78,4.57,2024-11-25,-0.0439330543933054,-39186.0,False,12,2024-11-22,313425.0,44932.0,-1974.0,0.14335806014197974,-0.006298157453936348,-0.043933054393305436,True,-1974.0,0,-0.00871738285073211,0.0,226444.10986655447,86980.89013344553,1
倒接力31,603585.SH,未知,2024-11-25,13.73,15.85,2024-11-28,0.154406409322651,131652.0,True,655,2024-11-25,311451.0,88416.0,13024.0,0.2838841422888352,0.04181717188257543,0.14730365544697793,True,13024.0,0,0.057879832268633566,0.0,225017.92920809845,86433.07079190155,2
倒接力31,003021.SZ,未知,2024-12-02,78.0,80.46,2024-12-03,0.0315384615384614,30995.999999999884,True,418,2024-12-02,324475.0,85900.0,2605.9999999999927,0.2647353417058325,0.008031435395639087,0.030337601862630882,True,2605.9999999999927,0,0.011116441228529284,0.0,234427.5426304547,90047.4573695453,2
倒接力31,600635.SH,未知,2024-12-03,4.63,4.51,2024-12-05,-0.0259179265658747,-26316.0,False,88,2024-12-03,327081.0,94126.0,-3024.0000000000073,0.28777581088476556,-0.009245416273033307,-0.03212714871555157,True,-3024.0000000000073,0,-0.012796732037248093,0.0,236310.33229404961,90770.66770595039,2
倒接力31,603669.SH,未知,2024-12-04,7.5,8.78,2024-12-05,0.1706666666666665,168704.0,True,208,2024-12-04,324057.0,93044.0,14949.999999999985,0.2871223272448983,0.04613385916675148,0.1606766691027899,True,14949.999999999985,0,0.06385462981510183,0.0,234125.54490237232,89931.45509762768,2
倒接力31,000903.SZ,未知,2024-12-05,4.13,4.92,2024-12-06,0.1912832929782082,221437.0,True,579,2024-12-05,339007.0,97640.0,17980.0,0.2880176515529178,0.05303725291808134,0.18414584186808686,True,17980.0,0,0.07340973013449474,0.0,244926.65981823733,94080.34018176267,2
倒接力31,600178.SH,未知,2024-12-06,13.54,13.82,2024-12-12,0.0206794682422452,28504.0,True,770,2024-12-06,356987.0,102904.0,2128.0,0.28825699535277194,0.005961001381002669,0.0206794682422452,True,2128.0,0,0.008250719609981392,0.0,257916.89702139804,99070.10297860196,2
倒接力31,002403.SZ,未知,2024-12-09,16.06,20.9,2024-12-11,0.3013698630136986,423983.99999999977,True,151,2024-12-09,359115.0,101988.0,29681.999999999985,0.28399816214861534,0.08265318908984583,0.29103423932227307,True,29681.999999999985,0,0.11440163228688667,0.0,259454.34000072652,99660.65999927348,2
倒接力31,603015.SH,未知,2024-12-11,13.42,12.04,2024-12-12,-0.1028315946348733,-188370.0,False,34,2024-12-11,388797.0,110003.0,-11275.0,0.28293170986401645,-0.028999709359897326,-0.10249720462169214,True,-11275.0,0,-0.040138972532702155,0.0,280899.06862498773,107897.93137501227,2
倒接力31,002495.SZ,未知,2024-12-12,3.16,3.08,2024-12-13,-0.0253164556962025,-41600.0,False,419,2024-12-12,377522.0,108814.0,-2246.0,0.2882322089838473,-0.005949322158708631,-0.02064072637712059,True,-2246.0,0,-0.008234554207182148,0.0,272753.07727539726,104768.92272460274,2
倒接力31,605388.SH,未知,2024-12-13,8.21,7.7,2024-12-16,-0.0621193666260658,-99501.00000000023,False,2,2024-12-13,375276.0,106990.0,-6890.0,0.2850968353958154,-0.01835982050544133,-0.06439854191980558,True,-6890.0,0,-0.025412128164027246,0.0,271130.3813489067,104145.61865109327,2
倒接力31,002402.SZ,未知,2024-12-16,21.98,20.41,2024-12-17,-0.0714285714285714,-107231.0,False,2,2024-12-16,368386.0,105552.0,-7584.0,0.28652554657343116,-0.020587101572806785,-0.07185084129149613,True,-7584.0,0,-0.02849494435628946,0.0,266152.47621376894,102233.52378623106,2
倒接力31,002529.SZ,未知,2024-12-17,10.35,9.4,2024-12-18,-0.0917874396135265,-127965.0,False,29,2024-12-17,360802.0,102361.0,-10241.0,0.28370408146296305,-0.02838398900227826,-0.10004786979415989,True,-10241.0,0,-0.03928674390462928,0.0,260673.16815210207,100128.83184789793,2
倒接力31,002181.SZ,未知,2024-12-18,8.88,10.12,2024-12-19,0.1396396396396394,176948.0,True,667,2024-12-18,350561.0,100240.0,13103.999999999985,0.28594167634163525,0.037380085063655075,0.13072625698324009,True,13103.999999999985,0,0.051738387754843115,0.0,253274.22381408376,97286.77618591624,2
倒接力31,000788.SZ,未知,2024-12-19,7.1,6.81,2024-12-20,-0.0408450704225352,-58957.0,False,6,2024-12-19,363665.0,104828.0,-5402.0,0.2882542999738771,-0.014854330221495057,-0.05153203342618384,True,-5402.0,0,-0.020560121667177585,0.0,262741.6358446854,100923.36415531457,2
倒接力31,603629.SH,未知,2024-12-20,19.57,21.89,2024-12-23,0.118548799182422,164024.0,True,770,2024-12-20,358263.0,102465.99999999999,11362.000000000015,0.28600776524508525,0.03171413179703183,0.1108855620400915,True,11362.000000000015,0,0.04389604907075054,0.0,258838.78482291268,99424.21517708732,2
倒接力31,002045.SZ,未知,2024-12-23,22.97,21.73,2024-12-24,-0.0539834566826294,-83576.0,False,16,2024-12-23,369625.0,105800.0,-5842.0,0.2862360500507271,-0.015805207981061886,-0.05521739130434783,True,-5842.0,0,-0.02187624714276564,0.0,267047.6321589701,102577.36784102989,2
倒接力31,603759.SH,未知,2024-12-24,8.48,8.31,2024-12-25,-0.0200471698113207,-29376.0,False,25,2024-12-24,363783.0,103578.0,-2196.0,0.28472468477086615,-0.006036565754859353,-0.02120141342756184,True,-2196.0,0,-0.008355309497040005,0.0,262826.88879184745,100956.11120815255,2
倒接力31,603719.SH,未知,2024-12-25,15.19,15.53,2024-12-26,0.0223831468071099,32130.0,True,2084,2024-12-25,361587.0,103530.0,2074.0,0.2863211343328162,0.005735825679573657,0.020032840722495896,True,2074.0,0,0.007939050234867245,0.0,261240.31699551037,100346.68300448963,2
倒接力31,603711.SH,未知,2024-12-26,18.9,18.79,2024-12-27,-0.0058201058201057,-8536.0,False,385,2024-12-26,363661.0,103140.0,-1674.0,0.28361578503056417,-0.004603188134003921,-0.016230366492146597,True,-1674.0,0,-0.006371348063548251,0.0,262738.74591427314,100922.25408572686,2
倒接力31,603236.SH,未知,2024-12-27,73.18,71.2,2024-12-30,-0.0270565728341077,-39402.00000000023,False,28,2024-12-27,361987.0,102431.00000000001,-2751.0000000000146,0.2829687253962159,-0.007599720431949254,-0.02685710380646498,True,-2751.0000000000146,0,-0.010518897478885163,0.0,261529.3100367375,100457.6899632625,2
倒接力31,001258.SZ,未知,2024-12-30,8.5,8.19,2024-12-31,-0.0364705882352941,-51801.0,False,5,2024-12-30,359236.0,102660.0,-4380.0,0.28577314077653687,-0.012192541950138627,-0.04266510812390415,True,-4380.0,0,-0.016875896939753533,0.0,259541.76039569773,99694.23960430227,2
倒接力31,600398.SH,未知,2024-12-31,7.46,8.01,2025-01-02,0.0737265415549597,100870.0,True,170,2024-12-31,354856.0,101864.0,7072.0,0.28705728520864804,0.019929210722095723,0.06942590120160214,True,7072.0,0,0.027584346858277126,0.0,256377.28659426037,98478.71340573963,2
倒接力31,002269.SZ,未知,2025-01-03,2.31,2.43,2025-01-06,0.0519480519480519,76332.0,True,50,2025-01-03,361928.0,104400.0,4950.0,0.28845516235273316,0.013676753387414071,0.04741379310344827,True,4950.0,0,0.018930218290846283,0.0,261486.68356315652,100441.31643684348,2
倒接力31,002552.SZ,未知,2025-01-06,14.46,15.13,2025-01-07,0.0463347164591977,71623.0,True,46,2025-01-06,366878.0,104148.0,4788.0,0.2838763839750544,0.013050659892389295,0.04597303836847563,True,4788.0,0,0.018063632033452428,0.0,265062.9724483426,101815.0275516574,2
倒接力31,601226.SH,未知,2025-01-07,7.53,7.35,2025-01-08,-0.0239043824701196,-38664.0,False,15,2025-01-07,371666.0,107068.0,-2698.0,0.2880758530508575,-0.007259205846109141,-0.025198938992042442,True,-2698.0,0,-0.010047585665432247,0.0,268522.21915183164,103143.78084816836,2
倒接力31,002187.SZ,未知,2025-01-08,7.37,7.68,2025-01-09,0.0420624151967435,66402.0,True,549,2025-01-08,368968.0,106244.0,3580.0,0.28794909043602696,0.009702738448862774,0.03369602048115658,True,3580.0,0,0.013429719148477525,0.0,266572.96108875447,102395.03891124553,2
倒接力31,003021.SZ,未知,2025-01-09,78.47,94.77,2025-01-10,0.2077226965719383,340670.0,True,1690,2025-01-09,372548.0,94356.0,19367.999999999993,0.25327206158669485,0.05198793175644479,0.20526516596718802,True,19367.999999999993,0,0.07195734753430369,0.0,269159.44880773756,103388.55119226244,2
倒接力31,002050.SZ,未知,2025-01-10,25.8,26.56,2025-01-13,0.0294573643410851,58444.0,True,76,2025-01-10,391916.0,108822.0,2730.0,0.27766664285203974,0.006965778381081661,0.025086839058278656,True,2730.0,0,0.009641447906846097,0.0,283152.4918639565,108763.5081360435,2
倒接力31,002265.SZ,未知,2025-01-13,31.65,32.98,2025-01-16,0.0420221169036334,85785.0,True,46,2025-01-13,394646.0,111116.0,4313.999999999985,0.28155866270024277,0.010931315660110543,0.038824291731163696,True,4313.999999999985,0,0.0151302129818665,0.0,285124.8693703319,109521.13062966813,2
倒接力31,002878.SZ,未知,2025-01-15,17.55,17.1,2025-01-17,-0.0256410256410256,-54584.99999999977,False,2,2025-01-15,398960.0,113088.0,-3647.9999999999854,0.28345698816924003,-0.009143773811910932,-0.032258064516128906,True,-3647.9999999999854,0,-0.012656047042632625,0.0,288241.65931996674,110718.34068003326,2
倒接力31,603270.SH,未知,2025-01-16,21.57,21.1,2025-01-17,-0.0217895224849327,-45213.99999999977,False,277,2025-01-16,395312.0,112398.0,-2677.9999999999854,0.284327316145222,-0.0067743959201845266,-0.023826046726809956,True,-2677.9999999999854,0,-0.009376552309243521,0.0,285606.0427839751,109705.95721602492,2
倒接力31,600183.SH,未知,2025-01-20,28.44,28.86,2025-01-21,0.0147679324894514,29946.0,True,113,2025-01-20,392634.0,108167.0,1501.0,0.2754906605133534,0.0038228986791770453,0.013876690672756016,True,1501.0,0,0.005291336653566174,0.0,283671.23437295924,108962.76562704076,2
倒接力31,002718.SZ,未知,2025-01-23,15.99,16.03,2025-01-24,0.0025015634771732,5152.000000000233,True,46,2025-01-23,394135.0,112700.00000000001,-490.0,0.2859426338691058,-0.0012432288429091555,-0.004347826086956521,True,-490.0,0,-0.0017207733966603572,0.0,284755.68076016416,109379.31923983584,2
倒接力31,600184.SH,未知,2025-01-24,11.17,10.68,2025-01-27,-0.0438675022381378,-90601.0,False,2,2025-01-24,393645.0,112650.0,-5850.0,0.2861715505087071,-0.01486110581869451,-0.05193075898801598,True,-5850.0,0,-0.02056949988219713,0.0,284401.6642846609,109243.33571533911,2
倒接力31,001282.SZ,未知,2025-01-27,27.35,26.34,2025-02-05,-0.0369287020109689,-72922.0,False,88,2025-01-27,387795.0,109600.0,-4240.0,0.2826235511030312,-0.01093361183099318,-0.03868613138686131,True,-4240.0,0,-0.015133391149580002,0.0,280175.1410567137,107619.8589432863,2
倒接力31,002394.SZ,未知,2025-02-05,8.24,7.99,2025-02-07,-0.0303398058252427,-57700.0,False,29,2025-02-05,383555.0,109361.99999999999,-3893.9999999999854,0.28512729595494773,-0.010152390139614881,-0.035606517803258776,True,-3893.9999999999854,0,-0.01405208941572374,0.0,277111.81481970585,106443.18518029415,2
倒接力31,000503.SZ,未知,2025-02-06,10.86,11.67,2025-02-10,0.074585635359116,137538.0,True,394,2025-02-06,379661.0,108850.0,7849.999999999993,0.2867031377992472,0.02067634020876517,0.0721175930179145,True,7849.999999999993,0,0.02861846101340957,0.0,274298.4675633595,105362.53243664053,2
倒接力31,002906.SZ,未知,2025-02-07,35.1,34.97,2025-02-11,-0.0037037037037037,-7332.0,False,144,2025-02-07,387511.0,105255.0,-345.0,0.2716180960024361,-0.0008902973076893301,-0.0032777540259370103,True,-345.0,0,-0.001232275080270226,0.0,279969.9559974424,107541.04400255758,2
倒接力31,603612.SH,未知,2025-02-10,16.38,16.5,2025-02-11,0.0073260073260073,14460.000000000233,True,210,2025-02-10,387166.0,111452.0,748.0000000000073,0.28786618659696356,0.0019319878295098415,0.006711409395973219,True,748.0000000000073,0,0.0026740959869566414,0.0,279720.699499384,107445.30050061602,2
倒接力31,600979.SH,未知,2025-02-11,5.16,5.41,2025-02-12,0.0484496124031007,96350.0,True,1056,2025-02-11,387914.0,111584.0,4731.0,0.2876513866475559,0.012196002206674675,0.04239855176369372,True,4731.0,0,0.01688068633747931,0.0,280261.1164864788,107652.88351352123,2
倒接力31,600186.SH,未知,2025-02-12,7.47,7.2,2025-02-13,-0.0361445783132529,-75357.0,False,385,2025-02-12,392645.0,112125.0,-4125.0,0.28556329508843864,-0.010505673063454265,-0.03678929765886288,True,-4125.0,0,-0.014541074094855434,0.0,283679.181681593,108965.818318407,2
倒接力31,600845.SH,未知,2025-02-13,33.8,36.32,2025-02-17,0.0745562130177515,149688.00000000023,True,874,2025-02-13,388520.0,108160.0,8064.0,0.27838978688355814,0.020755688252856997,0.07455621301775148,True,8064.0,0,0.028728287940390083,0.0,280698.9409439379,107821.05905606208,2
倒接力31,000880.SZ,未知,2025-02-17,23.7,22.86,2025-02-19,-0.0354430379746835,-76524.0,False,240,2025-02-17,396584.0,113880.0,-4152.0,0.2871522804752587,-0.010469408750731244,-0.036459430979978925,True,-4152.0,0,-0.014490880065865627,0.0,286525.04065507744,110058.95934492256,2
倒接力31,603516.SH,未知,2025-02-18,56.12,54.03,2025-02-19,-0.0372416250890947,-77539.0,False,8,2025-02-18,392432.0,112370.0,-4310.0,0.28634260203041545,-0.010982794471398867,-0.03835543294473614,True,-4310.0,0,-0.015201465647425128,0.0,283525.29288713954,108906.70711286046,2
倒接力31,603315.SH,未知,2025-02-20,13.68,14.62,2025-02-21,0.0687134502923976,137710.0,True,46,2025-02-20,388122.0,109800.0,7160.0,0.28290073739700405,0.018447807648110645,0.06520947176684881,True,7160.0,0,0.025533912608795457,0.0,280411.3928679169,107710.6071320831,2
倒接力31,002272.SZ,未知,2025-02-21,11.48,12.3,2025-02-24,0.0714285714285714,153012.0,True,687,2025-02-21,395282.0,112553.0,7987.0,0.28474102033484955,0.020205827738171735,0.07096212451023073,True,7987.0,0,0.027967216999234715,0.0,285584.368305883,109697.63169411698,2
倒接力31,000815.SZ,未知,2025-02-24,12.54,12.25,2025-02-25,-0.0231259968102072,-53099.0,False,2,2025-02-24,403269.0,115644.0,-2944.0,0.28676640158306244,-0.0073003379877947475,-0.02545743834526651,True,-2944.0,0,-0.010104517336189365,0.0,291354.8368565863,111914.16314341372,2
倒接力31,603767.SH,未知,2025-02-27,14.45,13.83,2025-02-28,-0.0429065743944636,-96224.0,False,2,2025-02-27,400325.0,114350.0,-5093.0,0.2856429151314557,-0.012722163242365577,-0.044538696982947094,True,-5093.0,0,-0.017608954441730756,0.0,289227.8480731544,111097.1519268456,2
倒接力31,002042.SZ,未知,2025-02-28,6.2,5.78,2025-03-03,-0.0677419354838709,-145404.0,False,2,2025-02-28,395232.0,113550.0,-7776.0,0.2872996113675006,-0.019674520281758562,-0.06848084544253633,True,-7776.0,0,-0.027231825649800045,0.0,285548.24417572963,109683.75582427037,2
倒接力31,002759.SZ,未知,2025-03-04,9.5,8.98,2025-03-05,-0.0547368421052631,-109512.0,False,2,2025-03-04,387456.0,110973.0,-5907.000000000007,0.2864144573835481,-0.015245602081268602,-0.05322916385066644,True,-5907.000000000007,0,-0.021101687454522604,0.0,279930.2194542737,107525.7805457263,2
倒接力31,601020.SH,未知,2025-03-05,17.36,22.55,2025-03-07,0.2989631336405531,565191.0,True,151,2025-03-05,381549.0,107787.0,32023.000000000007,0.28249844711950495,0.08392893180168211,0.2970951970089158,True,32023.000000000007,0,0.1161674086618735,0.0,275662.51471795165,105886.48528204835,2
倒接力31,603166.SH,未知,2025-03-06,12.16,13.01,2025-03-07,0.0699013157894736,171700.0,True,387,2025-03-06,413572.0,117504.0,7392.0,0.2841198146876481,0.017873550433781783,0.06290849673202614,True,7392.0,0,0.024739073796220066,0.0,298798.5751159948,114773.42488400522,2
倒接力31,603822.SH,未知,2025-03-07,57.4,59.71,2025-03-10,0.0402439024390244,105567.0,True,404,2025-03-07,420964.0,114800.0,4620.0,0.2727074049087333,0.010974810197546583,0.04024390243902439,True,4620.0,0,0.015190414483260929,0.0,304139.16651787265,116824.83348212735,2
倒接力31,605100.SH,未知,2025-03-11,28.8,33.06,2025-03-12,0.1479166666666667,404274.0,True,113,2025-03-11,425584.0,121317.0,17535.0,0.2850600586488214,0.04120220684988157,0.14453868790029428,True,17535.0,0,0.05702864909815649,0.0,307477.03614404635,118106.96385595365,2
倒接力31,002195.SZ,未知,2025-03-12,7.15,6.7,2025-03-13,-0.0629370629370629,-197505.0,False,8,2025-03-12,443119.0,127537.0,-8277.0,0.287816591028595,-0.01867895531448663,-0.06489881367759945,True,-8277.0,0,-0.025853847878370743,0.0,320145.76858884183,122973.23141115817,2
倒接力31,603788.SH,未知,2025-03-13,19.08,17.93,2025-03-14,-0.0602725366876309,-177214.99999999953,False,47,2025-03-13,434842.0,122464.0,-7712.0,0.2816287295155482,-0.017735177374770605,-0.062973608570682,True,-7712.0,0,-0.024547549379682423,0.0,314165.78008324886,120676.21991675114,2
倒接力31,600429.SH,未知,2025-03-17,4.68,4.55,2025-03-18,-0.0277777777777777,-76765.0,False,8,2025-03-17,427130.0,123009.0,-3798.9999999999927,0.28798960503827875,-0.008894247652939368,-0.030883919062832742,True,-3798.9999999999927,0,-0.012310673800547633,0.0,308593.99424838927,118536.00575161073,2
倒接力31,002048.SZ,未知,2025-03-18,18.7,18.06,2025-03-19,-0.0342245989304813,-91904.0,False,46,2025-03-18,423331.0,120000.0,-4416.000000000015,0.2834661293408704,-0.010431553559744065,-0.036800000000000124,True,-4416.000000000015,0,-0.014438484076223201,0.0,305849.28283933434,117481.71716066566,2
倒接力31,603966.SH,未知,2025-03-19,9.4,9.27,2025-03-20,-0.0138297872340426,-35880.0,False,83,2025-03-19,418915.0,119884.0,-2155.0,0.2861773868207154,-0.005144241671938221,-0.017975709852857763,True,-2155.0,0,-0.00712022912398737,0.0,302658.79966418655,116256.20033581345,2
倒接力31,600579.SH,未知,2025-03-24,9.35,8.92,2025-03-25,-0.0459893048128342,-117691.0,False,2,2025-03-24,416760.0,119424.0,-5248.0,0.286553412035704,-0.012592379307035224,-0.04394426580921758,True,-5248.0,0,-0.017429318371908104,0.0,301101.8496545752,115658.15034542477,2
倒接力31,000541.SZ,未知,2025-03-25,8.58,8.7,2025-03-26,0.0139860139860138,34140.0,True,535,2025-03-25,411512.0,118498.0,691.9999999999782,0.2879575808238885,0.001681603452633163,0.005839761008624434,True,691.9999999999782,0,0.0023275348714177123,0.0,297310.2609536749,114201.73904632509,2
倒接力31,600593.SH,未知,2025-03-27,36.5,34.98,2025-03-28,-0.0416438356164384,-103056.0,False,103,2025-03-27,412204.0,116800.0,-4864.000000000015,0.28335484371815894,-0.011799982532920628,-0.04164383561643848,True,-4864.000000000015,0,-0.016332549023068663,0.0,297810.21891499794,114393.78108500206,2
倒接力31,601069.SH,未知,2025-03-31,15.49,16.72,2025-04-01,0.0794060684312458,188313.0,True,181,2025-03-31,407340.0,115292.0,8435.999999999985,0.28303628418520155,0.020709972013551296,0.07317073170731694,True,8435.999999999985,0,0.02866501134506229,0.0,294296.0635336757,113043.93646632432,2
倒接力31,603072.SH,未知,2025-04-03,49.04,55.23,2025-04-07,0.1262234910277324,323118.0,True,387,2025-04-03,415776.0,117852.0,14700.0,0.2834507042253521,0.03535557607942738,0.1247327156094084,True,14700.0,0,0.04893623172280722,0.0,300390.92677315645,115385.07322684355,2
倒接力31,002165.SZ,未知,2025-04-07,7.3,7.13,2025-04-08,-0.0232876712328767,-67150.0,False,113,2025-04-07,430476.0,123534.0,-3037.0,0.2869707021994258,-0.007054980997779203,-0.024584324963168036,True,-3037.0,0,-0.009764914709117542,0.0,311011.42103825446,119464.57896174554,2
倒接力31,600354.SH,未知,2025-04-08,6.38,7.49,2025-04-09,0.1739811912225705,490065.0,True,113,2025-04-08,427439.0,122688.0,21120.0,0.28703043007306306,0.049410559167506946,0.17214397496087636,True,21120.0,0,0.06838996393503985,0.0,308817.2413727373,118621.75862726272,2
倒接力31,002100.SZ,未知,2025-04-09,6.78,6.59,2025-04-10,-0.028023598820059,-92663.0,False,2,2025-04-09,448559.0,128630.0,-3420.0,0.2867627224066399,-0.007624415071372997,-0.026587887740029542,True,-3420.0,0,-0.010553077733633003,0.0,324076.0739495312,124482.92605046881,2
倒接力31,603069.SH,未知,2025-04-10,18.41,19.27,2025-04-11,0.046713742531233,150156.0,True,894,2025-04-10,445139.0,128240.0,6650.0,0.2880897876842964,0.014939153837340695,0.05185589519650655,True,6650.0,0,0.02067752742267322,0.0,321605.183447039,123533.81655296101,2
倒接力31,002685.SZ,未知,2025-04-14,6.44,6.56,2025-04-15,0.0186335403726706,62688.0,True,398,2025-04-14,451789.0,129987.0,2525.0,0.2877161683883406,0.005588892159835676,0.019425019425019424,True,2525.0,0,0.007735677144478556,0.0,326409.6927574405,125379.3072425595,2
倒接力31,600590.SH,未知,2025-04-15,10.5,9.98,2025-04-16,-0.0495238095238094,-169728.0,False,24,2025-04-15,454314.0,130065.0,-7311.0,0.2862887782458828,-0.01609239424715065,-0.0562103563602814,True,-7311.0,0,-0.022273746355714545,0.0,328233.9613301869,126080.03866981308,2
倒接力31,001368.SZ,未知,2025-04-18,23.5,22.22,2025-04-21,-0.054468085106383,-177408.0,False,2,2025-04-18,447003.0,127008.0,-7020.0,0.28413232125958887,-0.015704592586626934,-0.055272108843537414,True,-7020.0,0,-0.02173698372796824,0.0,322951.89101915754,124051.10898084246,2
倒接力31,002796.SZ,未知,2025-04-21,12.0,11.68,2025-04-23,-0.0266666666666666,-82112.0,False,88,2025-04-21,439983.0,124800.0,-3328.0,0.2836473227374694,-0.007563928606332517,-0.02666666666666667,True,-3328.0,0,-0.010469357427035123,0.0,317880.0631456209,122102.93685437908,2
倒接力31,001337.SZ,未知,2025-04-22,27.29,26.86,2025-04-23,-0.0157566874312935,-47214.0,False,275,2025-04-22,436655.0,125649.0,-2093.0,0.2877534895970503,-0.004793257835133,-0.0166575141863445,True,-2093.0,0,-0.006634426648862251,0.0,315475.641042611,121179.35895738902,2
倒接力31,600800.SH,未知,2025-04-25,3.35,3.23,2025-04-28,-0.035820895522388,-105696.0,False,5,2025-04-25,434562.0,125242.0,-5732.0,0.2882028341180315,-0.013190292754543656,-0.045767394324587596,True,-5732.0,0,-0.018256900164147112,0.0,313963.48495438986,120598.51504561014,2
倒接力31,002068.SZ,未知,2025-04-28,11.9,11.25,2025-04-29,-0.0546218487394958,-155350.0,False,2,2025-04-28,428830.0,122721.0,-6846.000000000007,0.28617634027470096,-0.015964368164540745,-0.0557850734593102,True,-6846.000000000007,0,-0.022096543358623315,0.0,309822.2146736047,119007.7853263953,2
倒接力31,603286.SH,未知,2025-04-30,32.12,34.64,2025-05-06,0.078455790784558,210924.0,True,385,2025-04-30,421984.0,116226.0,8478.0,0.2754275043603549,0.020090809130203988,0.07294409168344432,True,8478.0,0,0.027808017860765026,0.0,304876.0987730019,117107.90122699807,2
倒接力31,000665.SZ,未知,2025-05-06,5.01,5.04,2025-05-07,0.0059880239520958,17367.0,True,435,2025-05-06,430462.0,124239.0,249.0,0.28861781063136815,0.0005784482718567493,0.0020042015792142566,True,249.0,0,0.000800639723919264,0.0,311001.3062818115,119460.6937181885,2
倒接力31,603086.SH,未知,2025-05-07,9.86,9.51,2025-05-08,-0.035496957403651,-103565.0,False,2,2025-05-07,430711.0,124236.0,-4409.999999999993,0.2884439914467009,-0.010238884077722632,-0.03549695740365106,True,-4409.999999999993,0,-0.01417180709161029,0.0,311181.2044499754,119529.7955500246,2
倒接力31,002977.SZ,未知,2025-05-08,34.95,40.25,2025-05-09,0.1516452074391987,426650.0,True,18,2025-05-08,426301.0,118830.0,18020.000000000007,0.2787467071388526,0.042270602227064934,0.1516452074391989,True,18020.000000000007,0,0.05850743263238502,0.0,307995.056170446,118305.94382955402,2
倒接力31,603338.SH,未知,2025-05-13,51.99,49.44,2025-05-14,-0.0490478938257358,-158865.0,False,2,2025-05-13,444321.0,124752.0,-6096.0,0.28076998386301794,-0.013719810677415652,-0.04886494805694498,True,-6096.0,0,-0.01898981459090769,0.0,321014.1926777295,123306.80732227053,2
倒接力31,000710.SZ,未知,2025-05-14,13.99,13.77,2025-05-15,-0.0157255182273052,-48466.0,False,385,2025-05-14,438225.0,126225.0,-2295.0,0.2880369673113127,-0.0052370357692965944,-0.01818181818181818,True,-2295.0,0,-0.007248666953444217,0.0,316609.9387294276,121615.06127057242,2
倒接力31,002961.SZ,未知,2025-05-15,16.73,16.31,2025-05-16,-0.0251046025104603,-76146.0,False,35,2025-05-15,435930.0,124246.0,-3552.000000000022,0.2850136489803409,-0.008148097171564292,-0.028588445503275935,True,-3552.000000000022,0,-0.011277914702672219,0.0,314951.84115538676,120978.15884461324,2
倒接力31,605188.SH,未知,2025-05-19,13.65,14.5,2025-05-20,0.0622710622710622,184110.0,True,168,2025-05-19,432378.0,123345.0,7155.0,0.28527122101494523,0.016548020482078183,0.05800802626778548,True,7155.0,0,0.02290438608737424,0.0,312385.5829492896,119992.41705071041,2
倒接力31,600530.SH,未知,2025-05-20,8.0,7.98,2025-05-21,-0.0024999999999999,-7854.0,False,134,2025-05-20,439533.0,126321.0,-237.0,0.2873982158336234,-0.0005392086601006068,-0.001876172607879925,True,-237.0,0,-0.0007463275348236117,0.0,317554.94597424037,121978.05402575963,2
倒接力31,002882.SZ,未知,2025-05-21,19.2,23.01,2025-05-22,0.1984375000000001,621792.0000000005,True,56,2025-05-21,439296.0,126687.0,25178.999999999993,0.2883864182692308,0.05731670673076921,0.19874967439437347,True,25178.999999999993,0,0.07933299222345847,0.0,317383.7175973133,121912.28240268672,2
倒接力31,002365.SZ,未知,2025-05-22,17.84,21.95,2025-05-27,0.2303811659192824,865155.0,True,496,2025-05-22,464475.0,132904.0,29526.0,0.28613811292319286,0.0635685451316002,0.22216035634743875,True,29526.0,0,0.08798626411441288,0.0,335575.1070599598,128899.89294004021,2
倒接力31,605033.SH,未知,2025-05-23,19.79,18.52,2025-05-26,-0.0641738251642243,-296418.0,False,24,2025-05-23,494001.0,142560.0,-9216.0,0.28858241177649435,-0.018655832680500646,-0.06464646464646465,True,-9216.0,0,-0.025821843462087508,0.0,356907.1283981424,137093.8716018576,2
倒接力31,002727.SZ,未知,2025-05-26,19.5,18.81,2025-05-27,-0.0353846153846154,-152973.00000000047,False,4,2025-05-26,484785.0,138054.0,-4503.0,0.2847736625514403,-0.009288653733098177,-0.032617671345995046,True,-4503.0,0,-0.012856577713643994,0.0,350248.7287282687,134536.2712717313,2
倒接力31,603960.SH,未知,2025-05-27,22.43,21.17,2025-05-28,-0.0561747659384751,-234233.99999999956,False,2,2025-05-27,480282.0,135450.0,-8429.999999999985,0.2820218121853411,-0.01755218808949739,-0.062236987818383056,True,-8429.999999999985,0,-0.024294270913881054,0.0,346995.38956665393,133286.61043334607,2
倒接力31,003042.SZ,未知,2025-05-28,18.2,16.99,2025-05-29,-0.0664835164835165,-261723.00000000047,False,25,2025-05-28,471852.0,134463.0,-10436.000000000015,0.28496859184659595,-0.02211710451582279,-0.0776124286978575,True,-10436.000000000015,0,-0.030612646480214823,0.0,340904.8612227916,130947.1387772084,2
倒接力31,603011.SH,未知,2025-05-29,17.94,19.4,2025-05-30,0.0813823857302116,299007.99999999907,True,265,2025-05-29,461416.0,131508.0,10111.999999999993,0.2850096225531841,0.021915148152643154,0.07689266052255371,True,10111.999999999993,0,0.0303331153713382,0.0,333365.0327771751,128050.96722282493,2
倒接力31,002609.SZ,未知,2025-05-30,11.47,10.75,2025-06-03,-0.0627724498692241,-249480.0,False,8,2025-05-30,471528.0,134815.0,-7965.0,0.2859109109109109,-0.016891891891891893,-0.05908096280087528,True,-7965.0,0,-0.023380344135849763,0.0,340670.7768593976,130857.22314060241,2
倒接力31,603518.SH,未知,2025-06-04,11.85,13.43,2025-06-05,0.1333333333333333,496594.0,True,572,2025-06-04,463563.0,133224.0,17192.0,0.28739135780897096,0.03708665273112824,0.12904581757040773,True,17192.0,0,0.05133224325907142,0.0,334916.2029259619,128646.79707403813,2
倒接力31,603238.SH,未知,2025-06-05,18.81,17.88,2025-06-06,-0.0494417862838915,-208692.0,False,2,2025-06-05,480755.0,136728.0,-7992.0,0.2844026583186862,-0.016623852066021155,-0.05845181674565561,True,-7992.0,0,-0.023009345824288274,0.0,347337.12383790506,133417.87616209494,2
倒接力31,002250.SZ,未知,2025-06-06,12.02,15.18,2025-06-10,0.2628951747088187,1054808.0,True,389,2025-06-06,472763.0,135747.0,32751.0,0.2871354145734755,0.06927572589225468,0.24126500033149903,True,32751.0,0,0.09588566644800536,0.0,341563.0428741865,131199.95712581353,2
倒接力31,600151.SH,未知,2025-06-09,7.39,7.03,2025-06-11,-0.0487144790257103,-246852.0,False,88,2025-06-09,505514.0,145040.0,-7252.0,0.28691589154800856,-0.014345794577400428,-0.05,True,-7252.0,0,-0.0198562491560123,0.0,365225.0706072631,140288.92939273693,2
倒接力31,002878.SZ,未知,2025-06-10,19.66,23.7,2025-06-13,0.2054933875890131,990608.0,True,507,2025-06-10,498262.0,142164.0,28476.0,0.2853197715258238,0.05715065567914069,0.2003038743985819,True,28476.0,0,0.07910315824417175,0.0,359985.6267698147,138276.3732301853,2
倒接力31,603906.SH,未知,2025-06-11,15.38,14.5,2025-06-12,-0.0572171651495449,-332464.0,False,11,2025-06-11,526738.0,150479.0,-8379.0,0.2856809267605527,-0.01590733913254787,-0.05568218821230869,True,-8379.0,0,-0.022017608541714632,0.0,380559.041374776,146178.958625224,2
倒接力31,002734.SZ,未知,2025-06-12,22.7,22.2,2025-06-13,-0.0220264317180616,-120650.0,False,9,2025-06-12,518359.0,145632.0,-3552.0,0.28094814597605133,-0.006852393804293935,-0.024390243902439025,True,-3552.0,0,-0.009484510457686411,0.0,374505.35964367015,143853.64035632985,2
倒接力31,002366.SZ,未知,2025-06-13,7.5,7.87,2025-06-17,0.0493333333333333,264328.0,True,581,2025-06-13,514807.0,148401.0,7425.0,0.2882653110777437,0.014422880807759024,0.05003335557038025,True,7425.0,0,0.019962945469572328,0.0,371939.101437573,142867.89856242703,2
倒接力31,002657.SZ,未知,2025-06-17,25.71,26.42,2025-06-18,0.0276157137300661,155206.0,True,570,2025-06-17,522232.0,149234.0,4002.0,0.28576188360728566,0.007663260772989782,0.02681694520015546,True,4002.0,0,0.010606844705255343,0.0,377303.5347653521,144928.4652346479,2
倒接力31,603256.SH,未知,2025-06-23,13.85,13.29,2025-06-24,-0.0404332129963899,-233576.0,False,2,2025-06-23,526234.0,149580.0,-6048.0,0.2842461718551063,-0.011492986010025958,-0.04043321299638989,True,-6048.0,0,-0.015907630109324493,0.0,380194.9101428298,146039.08985717018,2
倒接力31,600201.SH,未知,2025-06-24,7.95,8.11,2025-06-25,0.0201257861635219,111584.0,True,385,2025-06-24,520186.0,149460.0,3008.0,0.28732030466025615,0.005782547012030312,0.02012578616352201,True,3008.0,0,0.00800371799608151,0.0,375825.33535947517,144360.66464052483,2
倒接力31,002281.SZ,未知,2025-06-25,48.12,49.56,2025-06-30,0.029925187032419,169200.0,True,680,2025-06-25,523194.0,144750.0,3930.0,0.2766660168121194,0.007511554031582931,0.02715025906735751,True,3930.0,0,0.010396864920603566,0.0,377998.5630295034,145195.4369704966,2
倒接力31,603123.SH,未知,2025-06-26,14.6,14.65,2025-06-27,0.0034246575342466,19945.0,True,202,2025-06-26,527124.0,151298.0,-403.0,0.28702544372861033,-0.0007645259938837921,-0.0026636174965961215,True,-403.0,0,-0.0010581929455980932,0.0,380837.9196595602,146286.0803404398,2
倒接力31,002579.SZ,未知,2025-06-30,14.5,14.65,2025-07-01,0.0103448275862069,60465.0,True,385,2025-06-30,526721.0,150786.0,109.0,0.2862729984185176,0.00020694067637326024,0.0007228787818497739,True,109.0,0,0.00028642997837529044,0.0,380546.75917052384,146174.24082947616,2
倒接力31,600684.SH,未知,2025-07-01,4.47,4.39,2025-07-02,-0.017897091722595,-105688.0,False,15,2025-07-01,526830.0,151762.0,-3380.0,0.2880663591670937,-0.006415731830002088,-0.022271714922048998,True,-3380.0,0,-0.00888011946967142,0.0,380625.50977425824,146204.49022574176,2
倒接力31,603124.SH,未知,2025-07-02,53.46,54.11,2025-07-03,0.0121586232697343,70460.0,True,530,2025-07-02,523450.0,149660.0,1848.0,0.2859107842200783,0.0035304231540739324,0.01234798877455566,True,1848.0,0,0.004886516490615305,0.0,378183.51857588877,145266.48142411123,2
倒接力31,600876.SH,未知,2025-07-03,12.06,11.75,2025-07-07,-0.0257048092868988,-150877.0,False,2,2025-07-03,525298.0,150350.0,-4650.0,0.28621848931463667,-0.008852118226225876,-0.030927835051546393,True,-4650.0,0,-0.012252361771255027,0.0,379518.6664263582,145779.33357364178,2
倒接力31,002938.SZ,未知,2025-07-04,35.81,39.48,2025-07-07,0.1024853392907007,586098.9999999991,True,75,2025-07-04,520648.0,143640.0,14280.0,0.27588697161998127,0.027427359751694042,0.09941520467836257,True,14280.0,0,0.03796265769615581,0.0,376159.12232209253,144488.87767790747,2
倒接力31,002020.SZ,未知,2025-07-07,15.6,14.79,2025-07-08,-0.0519230769230769,-327402.0,False,2,2025-07-07,534928.0,152929.0,-7987.0,0.28588707265276825,-0.014930981365716507,-0.05222685036847164,True,-7987.0,0,-0.020666215770891592,0.0,386476.17389390204,148451.82610609796,2
倒接力31,002366.SZ,未知,2025-07-08,9.91,9.56,2025-07-09,-0.0353178607467204,-211120.0,False,174,2025-07-08,526941.0,151390.0,-5122.0,0.2872997166665718,-0.009720253311091755,-0.03383314617874364,True,-5122.0,0,-0.013453961756056733,0.0,380705.7053431988,146235.2946568012,2
倒接力31,002865.SZ,未知,2025-07-09,42.8,44.68,2025-07-11,0.0439252336448598,253236.0,True,285,2025-07-09,521819.0,145979.0,5933.0,0.27975025823130245,0.011369842799898049,0.04064283218819145,True,5933.0,0,0.015737185575982093,0.0,377005.14945028507,144813.85054971493,2
倒接力31,002623.SZ,未知,2025-07-14,26.58,27.21,2025-07-15,0.0237020316027089,142632.0,True,424,2025-07-14,527752.0,150416.0,1960.0,0.2850126574603223,0.003713865603541057,0.013030528667163067,True,1960.0,0,0.005140422188397049,0.0,381291.6387342869,146460.36126571312,2
倒接力31,603617.SH,未知,2025-07-17,8.05,9.06,2025-07-18,0.1254658385093167,773154.9999999991,True,724,2025-07-17,529712.0,152092.0,18236.000000000015,0.2871220587791102,0.03442625426646936,0.11990111248454892,True,18236.000000000015,0,0.04764994218585252,0.0,382707.7046362999,147004.29536370008,2
倒接力31,002246.SZ,未知,2025-07-18,16.7,23.68,2025-07-23,0.4179640718562875,2898794.0,True,94,2025-07-18,547948.0,157403.0,65189.0,0.28725900997904913,0.11896931825647689,0.4141534786503434,True,65189.0,0,0.16466738126467673,0.0,395882.897385846,152065.102614154,2
倒接力31,600629.SH,未知,2025-07-21,10.34,11.58,2025-07-22,0.1199226305609284,1179364.0,True,18,2025-07-21,613137.0,176400.0,18144.0,0.28770079117717573,0.029592081378223792,0.10285714285714286,True,18144.0,0,0.04095888434208146,0.0,442980.8157972389,170156.1842027611,2
倒接力31,600585.SH,未知,2025-07-22,25.74,25.89,2025-07-23,0.0058275058275059,64185.0,True,46,2025-07-22,631281.0,180495.0,735.0,0.2859186321147001,0.001164299258175044,0.004072134962187318,True,735.0,0,0.0016115256661282296,0.0,456089.5401473028,175191.4598526972,2
倒接力31,601699.SH,未知,2025-07-23,13.55,13.11,2025-07-24,-0.0324723247232473,-359700.0,False,2,2025-07-23,632016.0,181436.0,-5762.0,0.28707501075922126,-0.009116857801068327,-0.03175775480059084,True,-5762.0,0,-0.012618792151333776,0.0,456620.5648605577,175395.43513944233,2
倒接力31,603716.SH,未知,2025-07-24,28.6,33.26,2025-07-25,0.1629370629370628,1746102.0,True,674,2025-07-24,626254.0,178064.0,28148.0,0.28433191644284905,0.044946619103430875,0.15807799442896936,True,28148.0,0,0.062211351404965434,0.0,452457.6201016805,173796.3798983195,2
倒接力31,600259.SH,未知,2025-07-25,63.54,64.71,2025-07-29,0.0184135977337109,229436.9999999981,True,417,2025-07-25,654402.0,177730.0,3457.999999999971,0.271591468241234,0.005284213679053504,0.019456478928711926,True,3457.999999999971,0,0.007313966670775232,0.0,472794.06041283556,181607.93958716444,2
倒接力31,600895.SH,未知,2025-07-28,30.58,32.18,2025-07-30,0.052321778940484,664160.0,True,550,2025-07-28,657860.0,189968.0,9548.0,0.2887666068768431,0.014513726324749947,0.05026109660574413,True,9548.0,0,0.020088686237038786,0.0,475292.40525424434,182567.59474575566,2
倒接力31,002174.SZ,未知,2025-07-29,15.16,15.34,2025-07-30,0.0118733509234828,158598.0,True,689,2025-07-29,667408.0,190890.0,2394.0,0.2860169491525424,0.0035870112434972313,0.012541254125412541,True,2394.0,0,0.004964840991693957,0.0,482190.6691483366,185217.33085166343,2
倒接力31,600581.SH,未知,2025-07-30,4.12,4.44,2025-07-31,0.0776699029126214,1049856.000000002,True,46,2025-07-30,669802.0,192920.0,13984.00000000003,0.2880254164663587,0.02087781165180162,0.07248600456147641,True,13984.00000000003,0,0.02889732093637649,0.0,483920.2925000811,185881.70749991888,2
倒接力31,601869.SH,未知,2025-07-31,50.0,51.19,2025-08-01,0.0237999999999999,346647.0,True,401,2025-07-31,683786.0,190494.0,4028.0,0.2785871603103895,0.005890731895651563,0.021145022940355078,True,4028.0,0,0.008153458464795723,0.0,494023.48922138254,189762.51077861746,2
倒接力31,002424.SZ,未知,2025-08-01,6.12,6.46,2025-08-04,0.0555555555555555,828512.0,True,118,2025-08-01,687814.0,197895.0,9471.0,0.2877158650449104,0.013769710997449893,0.04785871295383916,True,9471.0,0,0.019058882440877157,0.0,496933.64914654,190880.35085346003,2
倒接力31,603286.SH,未知,2025-08-04,31.4,34.33,2025-08-05,0.093312101910828,1468809.0,True,393,2025-08-04,697285.0,199360.0,20352.0,0.2859089181611536,0.02918749148483045,0.10208667736757625,True,20352.0,0,0.040398884846349216,0.0,503776.281880196,193508.718119804,2
倒接力31,002558.SZ,未知,2025-08-05,27.05,27.68,2025-08-06,0.0232902033271718,400806.0,True,865,2025-08-05,717637.0,205846.0,4522.0,0.28683861060675525,0.0063012358615846175,0.021967878899760016,True,4522.0,0,0.008721643725160363,0.0,518480.2478178338,199156.7521821662,2
倒接力31,600610.SH,未知,2025-08-06,13.74,13.31,2025-08-07,-0.0312954876273653,-551131.0,False,26,2025-08-06,722159.0,206550.0,-6900.0,0.28601734521068073,-0.0095546825560576,-0.03340595497458242,True,-6900.0,0,-0.013224792563150097,0.0,521747.3141489068,200411.6858510932,2
倒接力31,600651.SH,未知,2025-08-08,6.34,6.74,2025-08-12,0.0630914826498423,1076360.0,True,387,2025-08-08,715259.0,205902.0,12474.0,0.2878705475918513,0.017439836478813968,0.06058221872541306,True,12474.0,0,0.024138763210018923,0.0,516762.18418773834,198496.81581226166,2
倒接力31,601089.SH,未知,2025-08-11,30.11,30.16,2025-08-12,0.0016605778811026,30115.0,True,385,2025-08-11,727733.0,207649.0,455.0,0.28533679247746085,0.0006252293080016984,0.0021911976460276717,True,455.0,0,0.0008653901219860158,0.0,525774.4321784072,201958.5678215928,2
倒接力31,603757.SH,未知,2025-08-12,34.1,46.99,2025-08-15,0.3780058651026393,6866503.0,True,37,2025-08-12,728188.0,206700.0,75240.0,0.2838552681450395,0.10332496553087939,0.3640058055152395,True,75240.0,0,0.14301377651465708,0.0,526103.1617628031,202084.8382371969,2
倒接力31,000006.SZ,未知,2025-08-13,7.59,7.36,2025-08-14,-0.0303030303030302,-758586.0,False,2,2025-08-13,803428.0,230883.0,-6403.0,0.28737235943980044,-0.007969600262873586,-0.027732661131395556,True,-6403.0,0,-0.011030854208851675,0.0,580462.7528176315,222965.24718236853,2
倒接力31,603031.SH,未知,2025-08-14,32.67,36.14,2025-08-15,0.106213651668197,2578210.0,True,2163,2025-08-14,797025.0,228690.0,24290.0,0.2869295191493366,0.030475832000250933,0.10621365166819713,True,24290.0,0,0.0421820980475388,0.0,575836.6967101877,221188.3032898123,2
倒接力31,600410.SH,未知,2025-08-15,18.66,20.67,2025-08-18,0.1077170418006431,2892390.000000004,True,222,2025-08-15,821315.0,235053.0,25389.000000000044,0.2861910472839288,0.030912621832062052,0.10801393728223015,True,25389.000000000044,0,0.0427866660052396,0.0,593385.7991387069,227929.20086129312,2
倒接力31,002873.SZ,未知,2025-08-18,12.73,15.02,2025-08-19,0.1798900235663785,5350814.0,True,56,2025-08-18,846704.0,242853.0,44029.0,0.2868216047166424,0.052000462971711486,0.18129897510016346,True,44029.0,0,0.07197469219452594,0.0,611728.9099479975,234975.09005200246,2
倒接力31,002871.SZ,未知,2025-08-19,16.45,16.72,2025-08-21,0.0164133738601823,576045.0,True,46,2025-08-19,890733.0,256932.0,3899.9999999999563,0.28845007426467867,0.004378416427818388,0.015179113539769107,True,3899.9999999999563,0,0.006060237864865153,0.0,643539.0964784739,247193.90352152614,2
倒接力31,002382.SZ,未知,2025-08-20,6.77,6.56,2025-08-21,-0.0310192023633677,-1106511.0,False,50,2025-08-20,894633.0,257602.0,-9634.00000000003,0.28794153580294934,-0.010768661562897892,-0.03739877795979856,True,-9634.00000000003,0,-0.014905080782804588,0.0,646356.7786304386,248276.2213695614,2
倒接力31,600864.SH,未知,2025-08-21,8.58,7.76,2025-08-22,-0.0955710955710956,-3303452.0,False,110,2025-08-21,884999.0,254287.0,-25367.0,0.28733026816979457,-0.02866330922407822,-0.09975736077738932,True,-25367.0,0,-0.03967335559688856,0.0,639396.3812324825,245602.6187675175,2
倒接力31,002369.SZ,未知,2025-08-22,11.12,10.93,2025-08-25,-0.0170863309352517,-534146.9999999963,False,16,2025-08-22,859632.0,246950.0,-6489.999999999985,0.28727408937778026,-0.007549742215273495,-0.026280623608017757,True,-6489.999999999985,0,-0.010449721810898788,0.0,621069.1650404593,238562.83495954075,2
倒接力31,601208.SH,未知,2025-08-25,19.57,18.83,2025-08-26,-0.0378129790495657,-1161874.0000000035,False,2,2025-08-25,853142.0,243659.99999999997,-10168.0,0.2856031000700938,-0.011918297305724019,-0.041730279898218835,True,-10168.0,0,-0.016496310437254955,0.0,616380.2529465486,236761.74705345137,2
倒接力31,002600.SZ,未知,2025-08-26,14.06,15.57,2025-08-27,0.1073968705547652,3175228.0,True,447,2025-08-26,842974.0,242520.0,25284.0,0.28769570591738297,0.029993807638195247,0.10425531914893617,True,25284.0,0,0.04151492023590866,0.0,609034.0498385543,233939.95016144565,2
倒接力31,605188.SH,未知,2025-08-27,15.51,20.34,2025-08-29,0.3114119922630561,10196130.0,True,1532,2025-08-27,868258.0,249418.0,76022.0,0.28726254177905647,0.08755692432433677,0.3047975687400268,True,76022.0,0,0.12118897251302929,0.0,627301.2999745229,240956.7000254771,2
倒接力31,002053.SZ,未知,2025-08-28,12.76,14.9,2025-08-29,0.1677115987460815,7201100.0,True,146,2025-08-28,944280.0,271572.0,44308.0,0.2875968992248062,0.04692252298047189,0.16315378610460576,True,44308.0,0,0.06494623231234051,0.0,682225.8724249504,262054.12757504964,2
倒接力31,002815.SZ,未知,2025-08-29,18.35,17.45,2025-09-01,-0.0490463215258856,-2459070.0000000075,False,240,2025-08-29,988588.0,284035.0,-13560.0,0.2873138253751816,-0.013716533075457116,-0.047740595349164715,True,-13560.0,0,-0.018985278008373224,0.0,714237.6316016825,274350.3683983175,2
倒接力31,605288.SH,未知,2025-09-01,81.3,87.82,2025-09-02,0.0801968019680196,3823327.999999993,True,449,2025-09-01,975028.0,278766.0,19822.0,0.28590563553046683,0.0203296725837617,0.07110623246737408,True,19822.0,0,0.02813863267770791,0.0,704440.767504082,270587.23249591806,2
倒接力31,603986.SH,未知,2025-09-02,179.0,174.26,2025-09-03,-0.0264804469273743,-1363698.0,False,21,2025-09-02,994850.0,269165.0,-7774.999999999985,0.2705583756345178,-0.00781524852992912,-0.028885627774784928,True,-7774.999999999985,0,-0.010817213448106659,0.0,718761.8176620937,276088.1823379063,2
倒接力31,603179.SH,未知,2025-09-03,57.5,55.91,2025-09-04,-0.0276521739130435,-1386321.0,False,2,2025-09-03,987075.0,276552.0,-8184.0,0.28017323911556874,-0.00829116328546463,-0.02959298793716914,True,-8184.0,0,-0.0114759348533206,0.0,713144.5154232408,273930.48457675916,2
