date,stock_code,stock_name,strategy_name,daily_budget,daily_investment,daily_return,daily_ratio,daily_real_return_rate,daily_budget_return_rate,has_trade,base_budget_return,remaining_budget_return,base_budget_return_rate,remaining_budget_return_rate,base_budget,remaining_budget,trade_count
2024-09-06,600686.SH,未知,倒接力31,200000.0,124253.0,-7208.0,0.621265,-0.03604,-0.058010671774524555,True,-7208.0,0.0,-0.05548288114638264,0.0,129913.94554624612,70086.05445375388,5
2024-09-10,000516.SZ,未知,倒接力31,192792.0,124126.0,-8218.999999999996,0.6438337690360596,-0.04263143698908667,-0.06621497510594071,True,-8218.999999999996,0.0,-0.06563027057616527,0.0,125231.8469487594,67560.1530512406,5
2024-09-11,003015.SZ,未知,倒接力31,184573.0,116892.0,-3247.0,0.6333103975120955,-0.017591955486447097,-0.027777777777777776,True,-3247.0,0.0,-0.027082474344811275,0.0,119893.03335653641,64679.96664346359,5
2024-09-13,002866.SZ,未知,倒接力31,181326.0,113697.0,-7097.0,0.6270308725720526,-0.03913945049248315,-0.062420292531904974,True,-7097.0,0.0,-0.0602544250779459,0.0,117783.88045059312,63542.11954940688,5
2024-09-25,002466.SZ,未知,倒接力31,174229.0,105134.0,24440.00000000002,0.6034242290319063,0.14027515511195046,0.23246523484315273,True,24440.00000000002,0.0,0.21595088121161868,0.0,113173.88409288457,61055.115907115425,5
2024-09-27,600239.SH,未知,倒接力31,198669.00000000003,128303.0,16407.000000000007,0.6458128847479978,0.08258460051643692,0.12787697871444945,True,16407.000000000007,0.0,0.12713739109253494,0.0,129049.36823863587,69619.63176136416,5
2024-09-30,002050.SZ,未知,倒接力31,215076.00000000003,137520.0,16860.0,0.6394018858450036,0.07839089438152094,0.12260034904013961,True,16860.0,0.0,0.12068126181821758,0.0,139706.85876152216,75369.14123847787,5
2024-10-09,002119.SZ,未知,倒接力31,231936.00000000003,146575.0,2788.9999999999964,0.6319631277593818,0.012024868929359805,0.019027801466825832,True,2788.9999999999964,0.0,0.01851205254185626,0.0,150658.60437107072,81277.39562892931,5
2024-10-11,603052.SH,未知,倒接力31,234725.00000000003,146826.0,-4515.000000000007,0.6255234849291723,-0.019235275322185566,-0.030750684483674604,True,-4515.000000000007,0.0,-0.029612333366225548,0.0,152470.25434171312,82254.7456582869,5
2024-10-15,000801.SZ,未知,倒接力31,230210.00000000003,147958.0,23722.0,0.6427088310672863,0.1030450458277225,0.16032928263426108,True,23722.0,0.0,0.15863584989964152,0.0,149537.4470210066,80672.55297899342,5
2024-10-16,002630.SZ,未知,倒接力31,253932.00000000003,164219.0,14671.0,0.6467046295858733,0.05777530992549186,0.08933801813432063,True,14671.0,0.0,0.08894396930609007,0.0,164946.54010224686,88985.45989775317,5
2024-10-17,000402.SZ,未知,倒接力31,268603.0,173810.0,-15626.0,0.6470888262603173,-0.05817507622774131,-0.08990276738967838,True,-15626.0,0.0,-0.08955940177651281,0.0,174476.37757779172,94126.62242220828,5
2024-10-18,002625.SZ,未知,倒接力31,252977.0,150704.0,21980.0,0.5957221407479731,0.08688536902564264,0.14584881622252893,True,21980.0,0.0,0.13375834081601906,0.0,164326.2010122635,88650.79898773649,5
2024-10-21,600418.SH,未知,倒接力31,274957.0,171570.0,5880.0,0.6239884781984092,0.02138516204351953,0.03427172582619339,True,5880.0,0.0,0.03292204228514783,0.0,178603.74362779595,96353.25637220405,5
2024-10-22,600100.SH,未知,倒接力31,280837.0,179900.0,4850.0,0.6405851080876095,0.017269804192467517,0.026959421901056144,True,4850.0,0.0,0.026586528674583127,0.0,182423.2136268556,98413.7863731444,5
2024-10-23,601162.SH,未知,倒接力31,285687.0,184114.0,11926.0,0.6444605459821413,0.04174498664622472,0.06477508500168373,True,11926.0,0.0,0.06426559746253653,0.0,185573.62680635205,100113.37319364795,5
2024-10-24,000595.SZ,未知,倒接力31,297613.0,190315.0,-8925.0,0.6394713940587273,-0.02998860936854237,-0.04689593568557392,True,-8925.0,0.0,-0.04616688261210137,0.0,193320.39537927473,104292.60462072527,5
2024-10-25,002542.SZ,未知,倒接力31,288688.0,186654.0,129760.0,0.646559607604057,0.4494817934933215,0.6951900307520867,True,129760.0,0.0,0.6919685051568498,0.0,187522.98555927348,101165.01444072652,5
2024-10-28,600696.SH,未知,倒接力31,418448.0,268960.0,33355.99999999996,0.6427560891675907,0.07971360838144755,0.1240184414039261,True,33355.99999999996,0.0,0.12271755437228485,0.0,271811.15342967794,146636.84657032206,5
2024-10-30,002423.SZ,未知,倒接力31,451803.99999999994,288633.0,39316.00000000001,0.6388456056165949,0.08702003523651852,0.13621450076741054,True,39316.00000000001,0.0,0.1339656568363426,0.0,293478.20126788085,158325.7987321191,5
2024-10-31,002321.SZ,未知,倒接力31,491119.99999999994,318714.0,24429.999999999978,0.6489534126079167,0.04974344355758263,0.07665179439873987,True,24429.999999999978,0.0,0.07657906677905524,0.0,319016.6846833619,172103.31531663804,5
2024-11-01,002513.SZ,未知,倒接力31,515549.99999999994,333937.0,43673.0,0.6477296091552711,0.08471147318397829,0.13078215351997532,True,43673.0,0.0,0.1304116703219103,0.0,334885.6731318359,180664.32686816406,5
2024-11-04,002568.SZ,未知,倒接力31,559223.0,355060.0,13444.0,0.6349166611530641,0.02404049904957414,0.037864022982031204,True,13444.0,0.0,0.03700988211618333,0.0,363254.33185104193,195968.66814895807,5
2024-11-05,603019.SH,未知,倒接力31,572667.0,346220.0,15115.0,0.6045747354046942,0.026394047500554425,0.04365721217722835,True,15115.0,0.0,0.040633124318680325,0.0,371987.1472706606,200679.85272933939,5
2024-11-06,600751.SH,未知,倒接力31,587782.0,381140.0,-21590.0,0.6484376860808939,-0.036731305143743766,-0.056645851917930416,True,-21590.0,0.0,-0.056547132010040205,0.0,381805.39370531816,205976.60629468184,5
2024-11-07,603489.SH,未知,倒接力31,566192.0,363313.0,-14979.0,0.6416780879984175,-0.0264556899426343,-0.04122891281071693,True,-14979.0,0.0,-0.04072802166295032,0.0,367781.1832836009,198410.8167163991,5
2024-11-08,600536.SH,未知,倒接力31,551213.0,346071.0,29084.0,0.627835337700671,0.05276363220751325,0.08404055815136201,True,29084.0,0.0,0.08122858864097961,0.0,358051.2783319148,193161.7216680852,5
2024-11-11,002992.SZ,未知,倒接力31,580297.0,368852.0,29897.999999999985,0.6356262396669292,0.05152189309956796,0.08105690087080994,True,29897.999999999985,0.0,0.07931695536292899,0.0,376943.3642932499,203353.6357067501,5
2024-11-12,603009.SH,未知,倒接力31,610195.0,394025.0,-17275.0,0.6457361990838995,-0.028310622014274124,-0.043842395787069346,True,-17275.0,0.0,-0.04358365361815025,0.0,396364.20001295826,213830.79998704174,5
2024-11-13,000795.SZ,未知,倒接力31,592920.0,552702.0,-72048.0,0.9321696012952844,-0.12151386359036633,-0.1303559603547662,True,-57558.0,-14490.0,-0.1494458356770965,-0.06973818968552192,385142.88296640123,207777.11703359877,6
2024-11-14,002779.SZ,未知,倒接力31,520872.0,334500.0,17940.0,0.6421923236418928,0.0344422430078791,0.05363228699551569,True,17940.0,0.0,0.05302316523920601,0.0,338342.6832228215,182529.3167771785,5
2024-11-18,600345.SH,未知,倒接力31,538812.0,341954.0,-6164.0,0.6346443657528044,-0.011439982776924047,-0.018025816337870006,True,-6164.0,0.0,-0.017611631651740883,0.0,349995.9641383198,188816.03586168023,5
2024-11-19,002501.SZ,未知,倒接力31,532648.0,345686.0,-18502.0,0.6489952088433637,-0.03473588561301272,-0.05352256093680392,True,-18502.0,0.0,-0.05347522233576935,0.0,345992.0163365845,186655.98366341548,5
2024-11-20,600292.SH,未知,倒接力31,514146.0,330681.0,3596.0,0.6431655599771271,0.006994122292111579,0.010874528624263262,True,3596.0,0.0,0.010767315645296673,0.0,333973.6772341013,180172.32276589872,5
2024-11-21,002392.SZ,未知,倒接力31,517742.0,335158.0,-4530.999999999978,0.6473455891158144,-0.008751463083929791,-0.013518997010365196,True,-4530.999999999978,0.0,-0.0134727077176091,0.0,336309.5299750228,181432.47002497723,5
2024-11-22,002713.SZ,未知,倒接力31,513211.0,331914.0,-20239.999999999964,0.646739839948871,-0.03943796995777558,-0.06097965135547149,True,-20239.999999999964,0.0,-0.060713990006156265,0.0,333366.3295386726,179844.67046132742,5
2024-11-25,603585.SH,未知,倒接力31,492971.00000000006,317134.0,37906.0,0.6433116755346663,0.07689296124924183,0.11952676155820569,True,37906.0,0.0,0.11837522280757742,0.0,320219.0382493925,172751.96175060753,5
2024-12-02,003021.SZ,未知,倒接力31,530877.0,313936.0,7903.999999999964,0.5913535527061824,0.01488857117562065,0.02517710616176534,True,7903.999999999964,0.0,0.022920666619767455,0.0,344841.6283487725,186035.37165122753,5
2024-12-03,600635.SH,未知,倒接力31,538781.0,349008.0,-11660.0,0.6477733995816483,-0.021641446153446393,-0.03340897629853757,True,-11660.0,0.0,-0.033316586702760984,0.0,349975.82747676014,188805.17252323986,5
2024-12-04,603669.SH,未知,倒接力31,527121.0,272396.0,37538.0,0.516761806112828,0.07121325084752837,0.13780672256567644,True,37538.0,0.0,0.10963141877971556,0.0,342401.844451414,184719.155548586,4
2024-12-05,000903.SZ,未知,倒接力31,564659.0,365805.0,64203.0,0.6478334711746382,0.11370225215572584,0.17551154303522368,True,64203.0,0.0,0.17504241238713006,0.0,366785.3928909889,197873.6071090111,5
2024-12-06,600178.SH,未知,倒接力31,628862.0,404460.0,10140.0,0.6431617747613944,0.016124364327944764,0.025070464322800773,True,10140.0,0.0,0.02482314621443761,0.0,408489.7181205171,220372.2818794829,5
2024-12-09,002403.SZ,未知,倒接力31,639002.0,410274.0,108045.99999999999,0.6420543284684554,0.16908554276825422,0.2633508338329994,True,108045.99999999999,0.0,0.2603039143446906,0.0,415076.3551597118,223925.6448402882,5
2024-12-11,603015.SH,未知,倒接力31,747048.0,482717.0,-42053.0,0.646165975947998,-0.056292232895342735,-0.08711729646977422,True,-42053.0,0.0,-0.08666080097660357,0.0,485259.7659621603,261788.2340378397,5
2024-12-12,002495.SZ,未知,倒接力31,704995.0,457206.0,3870.0,0.6485237483953787,0.00548940063404705,0.008464455847036128,True,3870.0,0.0,0.00845082583084656,0.0,457943.41020187887,247051.58979812113,5
2024-12-13,605388.SH,未知,倒接力31,708865.0,456976.0,-31166.000000000015,0.6446587149880443,-0.04396605841732913,-0.06820051818913907,True,-31166.000000000015,0.0,-0.0676848943852272,0.0,460457.24504819873,248407.75495180127,5
2024-12-16,002402.SZ,未知,倒接力31,677699.0,438560.0,-30360.0,0.6471309534173726,-0.044798649547955656,-0.06922655964976286,True,-30360.0,0.0,-0.06896665228600644,0.0,440212.7549137272,237486.24508627277,5
2024-12-17,002529.SZ,未知,倒接力31,647339.0,417958.0,-36318.0,0.6456555220680354,-0.05610352535533932,-0.0868938984299858,True,-36318.0,0.0,-0.08637028937800657,0.0,420491.81797980703,226847.18202019297,5
2024-12-18,002181.SZ,未知,倒接力31,611021.0,158411.0,20713.0,0.2592562285093311,0.03389899856142424,0.1307548086938407,True,20713.0,0.0,0.052186850947971625,0.0,396900.74460806424,214120.25539193576,2
2024-12-19,000788.SZ,未知,倒接力31,631734.0,408462.0,-20292.0,0.6465727663858523,-0.032121114266447585,-0.049679039910689365,True,-20292.0,0.0,-0.04944983255090698,0.0,410355.2823785612,221378.7176214388,5
2024-12-20,603629.SH,未知,倒接力31,611442.0,393824.0,37409.0,0.6440905269837531,0.06118160021719149,0.09498913220118632,True,37409.0,0.0,0.09418788715859973,0.0,397174.2134634391,214267.78653656092,5
2024-12-23,002045.SZ,未知,倒接力31,648851.0,416262.0,-20776.0,0.6415371171501624,-0.03201967786132718,-0.049910873440285206,True,-20776.0,0.0,-0.049293673172183,0.0,421473.9674081367,227377.0325918633,5
2024-12-24,603759.SH,未知,倒接力31,628075.0,405510.0,-10785.0,0.6456394538868766,-0.017171516140588306,-0.026596138196345345,True,-10785.0,0.0,-0.02643521612462409,0.0,407978.5067447926,220096.49325520737,5
2024-12-25,603719.SH,未知,倒接力31,617290.0,396412.0,5815.0,0.6421811466247631,0.009420207681964717,0.01466908166251274,True,5815.0,0.0,0.014502227058620676,0.0,400972.8972312113,216317.1027687887,5
2024-12-26,603711.SH,未知,倒接力31,623105.0,160440.0,-2604.0,0.2574846935909678,-0.004179070943099478,-0.016230366492146597,True,-2604.0,0.0,-0.006433598680307701,0.0,404750.1451979684,218354.8548020316,2
2024-12-27,603236.SH,未知,倒接力31,620501.0,398904.0,-7304.000000000015,0.6428740646670996,-0.011771133326134872,-0.018310169865431318,True,-7304.000000000015,0.0,-0.01812143150089248,0.0,403058.66562695627,217442.33437304373,5
2024-12-30,001258.SZ,未知,倒接力31,613197.0,396920.0,-15266.000000000015,0.6472960565690961,-0.024895751283845184,-0.038461150861634624,True,-15266.000000000015,0.0,-0.038326526346600595,0.0,398314.20833560737,214882.79166439263,5
2024-12-31,600398.SH,未知,倒接力31,597931.0,385922.0,24190.0,0.6454289876256625,0.04045617303668818,0.06268105990329652,True,24190.0,0.0,0.06228149390211045,0.0,388397.8768720624,209533.1231279376,5
2025-01-03,002269.SZ,未知,倒接力31,622121.0,403557.0,20235.0,0.6486792762179705,0.03252582696935162,0.05014161568254299,True,20235.0,0.0,0.05007287990922151,0.0,404110.9685858809,218010.03141411912,5
2025-01-06,002552.SZ,未知,倒接力31,642356.0,412486.0,14180.0,0.6421454769629302,0.02207498645610845,0.03437692430773408,True,14180.0,0.0,0.03398401359190543,0.0,417255.01202652237,225100.98797347763,5
2025-01-07,601226.SH,未知,倒接力31,656536.0,424561.0,-10021.0,0.6466682710468276,-0.01526344328414588,-0.023603204250979247,True,-10021.0,0.0,-0.02349777496167642,0.0,426465.9107657512,230070.0892342488,5
2025-01-08,002187.SZ,未知,倒接力31,646515.0,417228.0,13620.0,0.6453492958400037,0.021066796594046543,0.03264402197359717,True,13620.0,0.0,0.032431924849126055,0.0,419956.57252415654,226558.42747584346,5
2025-01-09,003021.SZ,未知,倒接力31,660135.0,392450.0,81400.0,0.5944996099282722,0.12330811121967476,0.20741495731940374,True,81400.0,0.0,0.18983044614833927,0.0,428803.7122158559,231331.2877841441,5
2025-01-10,002050.SZ,未知,倒接力31,741535.0,478372.0,10332.0,0.6451104802875117,0.01393326006189863,0.021598254078415962,True,10332.0,0.0,0.021449983684682622,0.0,481678.6880531781,259856.31194682192,5
2025-01-13,002265.SZ,未知,倒接力31,751867.0,480424.0,27467.999999999927,0.6389747122828905,0.036533057043333365,0.057174495861988424,True,27467.999999999927,0.0,0.05624193290369818,0.0,488390.04248009715,263476.95751990285,5
2025-01-15,002878.SZ,未知,倒接力31,779334.9999999999,501867.0,-16226.999999999927,0.6439682549866234,-0.02082159790077429,-0.03233326757886039,True,-16226.999999999927,0.0,-0.032054446215494733,0.0,506232.4237614185,273102.5762385814,5
2025-01-16,603270.SH,未知,倒接力31,763108.0,486548.0,-7578.0,0.6375873401930002,-0.009930442348920467,-0.015575030623905556,True,-7578.0,0.0,-0.015287723434410634,0.0,495691.85578952386,267416.14421047614,5
2025-01-20,600183.SH,未知,倒接力31,755530.0,484534.0,6086.0,0.6413166915939804,0.008055272457744895,0.012560522068626763,True,6086.0,0.0,0.01240093574846808,0.0,490769.41639277665,264760.58360722335,5
2025-01-23,002718.SZ,未知,倒接力31,761616.0,491606.0,-7500.000000000015,0.6454775109766602,-0.009847482195752209,-0.015256119738164332,True,-7500.000000000015,0.0,-0.015160007887292982,0.0,494722.6977557489,266893.3022442511,5
2025-01-24,600184.SH,未知,倒接力31,754116.0,487118.0,-18266.0,0.6459457165741079,-0.024221737769786082,-0.03749810107612529,True,-18266.0,0.0,-0.037288895611539634,0.0,489850.9247977647,264265.0752022353,5
2025-01-27,001282.SZ,未知,倒接力31,735850.0,664762.0,6908.0,0.9033933546239044,0.009387782836175852,0.01039168905563194,True,-7012.0,13920.0,-0.01466988928439666,0.05398191971833985,477985.884151026,257864.11584897398,6
2025-02-05,002394.SZ,未知,倒接力31,742758.0,479791.99999999994,-14773.999999999942,0.6459600569768349,-0.0198907315707134,-0.030792510087704554,True,-14773.999999999942,0.0,-0.03062139555084607,0.0,482473.1118301934,260284.88816980663,5
2025-02-06,000503.SZ,未知,倒接力31,727984.0,469797.0,42516.0,0.6453397327413789,0.05840238246994439,0.09049866218813658,True,42516.0,0.0,0.08990933532867663,0.0,472876.36867269216,255107.63132730784,5
2025-02-07,002906.SZ,未知,倒接力31,770500.0,493726.0,6345.000000000015,0.6407865022712524,0.008234912394549014,0.012851257580115317,True,6345.000000000015,0.0,0.01267748794777015,0.0,500493.47521691315,270006.52478308685,5
2025-02-10,603612.SH,未知,倒接力31,776845.0,500408.0,-457.99999999998545,0.6441542392626586,-0.0005895641987783733,-0.0009152531534267746,True,-457.99999999998545,0.0,-0.0009076226517475805,0.0,504614.9951393678,272230.0048606322,5
2025-02-11,600979.SH,未知,倒接力31,776387.0,503205.0,16155.000000000015,0.648136818365068,0.02080792182249318,0.03210421200107315,True,16155.000000000015,0.0,0.03203339215817456,0.0,504317.4922040669,272069.5077959331,5
2025-02-12,600186.SH,未知,倒接力31,792542.0,512452.0,-20692.0,0.6465928619555809,-0.02610839551720918,-0.04037841592968707,True,-20692.0,0.0,-0.04019336862941361,0.0,514811.29115556495,277730.70884443505,5
2025-02-13,600845.SH,未知,倒接力31,771850.0,490640.0,46896.0,0.6356675519854894,0.060757919284835135,0.09558128159139084,True,46896.0,0.0,0.09353563857885733,0.0,501370.3943493503,270479.6056506497,5
2025-02-17,000880.SZ,未知,倒接力31,818746.0,523416.0,-22782.0,0.6392898408053291,-0.027825479452724042,-0.04352560869365858,True,-22782.0,0.0,-0.04283678605206993,0.0,531832.6163010341,286913.3836989659,5
2025-02-18,603516.SH,未知,倒接力31,795964.0,507870.0,-21600.0,0.6380564950173626,-0.027136905689202025,-0.04253056884635832,True,-21600.0,0.0,-0.041776740095299414,0.0,517034.1187638612,278929.8812361388,5
2025-02-20,603315.SH,未知,倒接力31,774364.0,500335.0,37681.0,0.6461237867462847,0.04866057822935983,0.07531154126735087,True,37681.0,0.0,0.07491201660415724,0.0,503003.4126448666,271360.5873551334,5
2025-02-21,002272.SZ,未知,倒接力31,812045.0,524735.0,41065.0,0.6461895584604301,0.05056985758178426,0.07825854955358419,True,41065.0,0.0,0.07785131514427396,0.0,527479.8495555071,284565.15044449293,5
2025-02-24,000815.SZ,未知,倒接力31,853110.0,551419.0,-17319.0,0.6463633060214978,-0.020301016281604953,-0.03140805811914352,True,-17319.0,0.0,-0.03125302090741028,0.0,554154.4304247901,298955.56957520987,5
2025-02-27,603767.SH,未知,倒接力31,835791.0,538748.0,-21506.0,0.644596555837524,-0.02573131321107789,-0.039918477655601504,True,-21506.0,0.0,-0.03961285773114817,0.0,542904.532310213,292886.46768978704,5
2025-02-28,002042.SZ,未知,倒接力31,814285.0,527136.0,-26009.999999999985,0.6473605678601473,-0.03194213328257304,-0.04934210526315787,True,-26009.999999999985,0.0,-0.04917429479686218,0.0,528934.8857456251,285350.1142543749,5
2025-03-04,002759.SZ,未知,倒接力31,788275.0,509448.0,-13752.0,0.6462820716120643,-0.017445688370175384,-0.026993922834126348,True,-13752.0,0.0,-0.026857298955584648,0.0,512039.57712733577,276235.42287266423,5
2025-03-05,601020.SH,未知,倒接力31,774523.0,497554.0,131591.00000000003,0.6424005484666047,0.16989940905563816,0.2644758156903573,True,131591.00000000003,0.0,0.2615568457123923,0.0,503106.6942315759,271416.3057684241,5
2025-03-06,603166.SH,未知,倒接力31,906114.0,584776.0,30597.0,0.6453669185113573,0.033767274316476734,0.052322598738662324,True,30597.0,0.0,0.051984064027147,0.0,588584.2242734563,317529.77572654374,5
2025-03-07,603822.SH,未知,倒接力31,936711.0,594719.0,20294.0,0.6349012662390001,0.02166516673765975,0.03412367857761397,True,20294.0,0.0,0.0333531040821903,0.0,608459.1092328487,328251.89076715126,5
2025-03-11,605100.SH,未知,倒接力31,957005.0,612022.0,88850.0,0.639518079842843,0.09284173018949744,0.14517451987020075,True,88850.0,0.0,0.14292804332764739,0.0,621641.4772874264,335363.52271257364,5
2025-03-12,002195.SZ,未知,倒接力31,1045855.0,677292.0,-40792.0,0.647596464136998,-0.03900349474831597,-0.06022808478470143,True,-40792.0,0.0,-0.06004512384612582,0.0,679355.7475963462,366499.2524036538,5
2025-03-13,603788.SH,未知,倒接力31,1005063.0,649150.0,-37737.0,0.6458799100155911,-0.0375469000450718,-0.05813294307941154,True,-37737.0,0.0,-0.057802724545389234,0.0,652858.4992627337,352204.50073726627,5
2025-03-17,600429.SH,未知,倒接力31,967326.0,626834.0,-20773.999999999985,0.6480069800666993,-0.021475696921203383,-0.03314115060765687,True,-20773.999999999985,0.0,-0.03306141897377534,0.0,628345.6864473403,338980.3135526597,5
2025-03-18,002048.SZ,未知,倒接力31,946552.0,608976.0,-18414.000000000044,0.6433624354499278,-0.01945376482221795,-0.030237644833293994,True,-18414.000000000044,0.0,-0.029948693714783526,0.0,614851.5249234517,331700.4750765483,5
2025-03-19,603966.SH,未知,倒接力31,928138.0,601088.0,-6881.0,0.6476278312061353,-0.007413768211192732,-0.011447575063884156,True,-6881.0,0.0,-0.011413352400345068,0.0,602890.3479570089,325247.65204299113,5
2025-03-24,600579.SH,未知,倒接力31,921257.0,597669.0,-28573.0,0.6487538222233318,-0.031015232448708668,-0.04780739840948753,True,-28573.0,0.0,-0.04774734893671291,0.0,598420.6586604903,322836.3413395097,5
2025-03-25,000541.SZ,未知,倒接力31,892684.0,577593.0,3566.9999999999272,0.6470296319862348,0.003995814868419202,0.006175628859767911,True,3566.9999999999272,0.0,0.006151479506866016,0.0,579860.5028300259,312823.49716997414,5
2025-03-27,600593.SH,未知,倒接力31,896250.9999999999,567958.0,-29266.000000000073,0.6337041743886479,-0.03265379899157722,-0.051528458090211025,True,-29266.000000000073,0.0,-0.05026989035592532,0.0,582177.518048843,314073.48195115686,5
2025-03-31,601069.SH,未知,倒接力31,866984.9999999998,557915.0,35644.99999999993,0.6435117101218593,0.04111374475913648,0.06388966061138332,True,35644.99999999993,0.0,0.06329381281781025,0.0,563167.2103970607,303817.78960293904,5
2025-04-03,603072.SH,未知,倒接力31,902629.9999999997,568335.0,77856.0,0.6296433754694617,0.08625461152410183,0.13698962759640002,True,77856.0,0.0,0.13278730187345028,0.0,586321.1233420405,316308.8766579592,5
2025-04-07,002165.SZ,未知,倒接力31,980485.9999999997,635014.0,269.00000000001455,0.6476522867231151,0.00027435373886013125,0.00042361270775134806,True,269.00000000001455,0.0,0.0004223622609667692,0.0,636894.0240642831,343591.97593571653,5
2025-04-08,600354.SH,未知,倒接力31,980754.9999999997,635050.0,122938.0,0.6475113560471272,0.12535036782886658,0.19358790646405794,True,122938.0,0.0,0.19297446059668014,0.0,637068.7583210428,343686.2416789569,5
2025-04-09,002100.SZ,未知,倒接力31,1103692.9999999995,715915.0,-12762.0,0.648654109430793,-0.011562998043840094,-0.017826138577903803,True,-12762.0,0.0,-0.017801011269762346,0.0,716925.5615088647,386767.4384911348,5
2025-04-10,603069.SH,未知,倒接力31,1090930.9999999995,704303.0,26030.0,0.645598117571139,0.02386035413788774,0.036958524953038675,True,26030.0,0.0,0.03673255251784198,0.0,708635.7526435588,382295.24735644076,5
2025-04-14,002685.SZ,未知,倒接力31,1116960.9999999995,723927.0,16041.0,0.6481220024692002,0.014361289248236963,0.022158311542462155,True,16041.0,0.0,0.022108926317113052,0.0,725544.0526564027,391416.94734359684,5
2025-04-15,600590.SH,未知,倒接力31,1133001.9999999995,733448.0,-42832.0,0.6473492544585097,-0.03780399328509572,-0.058398141381529434,True,-42832.0,0.0,-0.058198514603096926,0.0,735963.8006589394,397038.1993410601,5
2025-04-18,001368.SZ,未知,倒接力31,1090169.9999999995,704681.0,-35859.0,0.6463955162956239,-0.032893035031233676,-0.05088685518695694,True,-35859.0,0.0,-0.05063818959993726,0.0,708141.4300807553,382028.56991924427,5
2025-04-21,002796.SZ,未知,倒接力31,1054310.9999999995,682473.0,-20217.0,0.6473165887484815,-0.019175556358607668,-0.029623149926810293,True,-20217.0,0.0,-0.029520397179811076,0.0,684848.5092140412,369462.49078595836,5
2025-04-22,001337.SZ,未知,倒接力31,1034093.9999999995,667023.0,-11639.0,0.6450313027635789,-0.011255263061191734,-0.017449173416808714,True,-11639.0,0.0,-0.017327259231281127,0.0,671716.1580284989,362377.84197150066,5
2025-04-25,600800.SH,未知,倒接力31,1022454.9999999995,663011.0,-20564.0,0.6484500540366083,-0.020112376583810543,-0.03101607665634507,True,-20564.0,0.0,-0.03096261375057852,0.0,664155.815967435,358299.1840325645,5
2025-04-28,002068.SZ,未知,倒接力31,1001890.9999999995,646680.0,-30180.0,0.6454594362061346,-0.030123037336396888,-0.04666914084245686,True,-30180.0,0.0,-0.046373831861913295,0.0,650798.06408637,351092.9359136295,5
2025-04-30,603286.SH,未知,倒接力31,971710.9999999995,626574.0,48906.0,0.6448151765288243,0.05032977912157012,0.0780530312461098,True,48906.0,0.0,0.07748171901014889,0.0,631194.0497034414,340516.9502965581,5
2025-05-06,000665.SZ,未知,倒接力31,1020616.9999999995,661333.0,7475.0,0.647973725697299,0.007324001069941029,0.011302929084137643,True,7475.0,0.0,0.011275157627067631,0.0,662961.906807865,357655.0931921345,5
2025-05-07,603086.SH,未知,倒接力31,1028091.9999999995,665887.0,-18256.0,0.6476920353431408,-0.017757165701124032,-0.02741606308577882,True,-18256.0,0.0,-0.02733681226670608,0.0,667817.440522656,360274.5594773436,5
2025-05-08,002977.SZ,未知,倒接力31,1009835.9999999995,644984.0,99641.00000000001,0.638701729785827,0.09867047718639468,0.1544860027535567,True,99641.00000000001,0.0,0.15190128630381788,0.0,655958.8955731946,353877.10442680493,5
2025-05-13,603338.SH,未知,倒接力31,1109476.9999999995,709372.0,-27100.0,0.6393751290022238,-0.024425923205257983,-0.03820280473432839,True,-27100.0,0.0,-0.03760323513007765,0.0,720682.6728140622,388794.3271859373,5
2025-05-14,000710.SZ,未知,倒接力31,1082376.9999999995,700156.0,-8902.0,0.6468688820993058,-0.00822449109690986,-0.012714309382480476,True,-8902.0,0.0,-0.01266144456213463,0.0,703079.3331925458,379297.66680745373,5
2025-05-15,002961.SZ,未知,倒接力31,1073474.9999999995,694108.0,-13981.0,0.6465991289969495,-0.013024057383730414,-0.02014239858926853,True,-13981.0,0.0,-0.02005028379204167,0.0,697296.8634762825,376178.1365237171,5
2025-05-19,605188.SH,未知,倒接力31,1059493.9999999995,684824.0,30026.0,0.6463689270538581,0.028339943406947104,0.043844841886382484,True,30026.0,0.0,0.04362879333359758,0.0,688215.229112872,371278.7708871275,5
2025-05-20,600530.SH,未知,倒接力31,1089519.9999999995,705559.0,-19279.0,0.6475870107937443,-0.017694948234084743,-0.027324433534261488,True,-19279.0,0.0,-0.02724102968266141,0.0,707719.20975773,381800.7902422695,5
2025-05-21,002882.SZ,未知,倒接力31,1070240.9999999995,690001.0,147563.0,0.6447155360334731,0.13787829096437162,0.21385911034911545,True,147563.0,0.0,0.21226095533414527,0.0,695196.1549767996,375044.8450231999,5
2025-05-22,002365.SZ,未知,倒接力31,1217803.9999999995,786804.0,198751.0,0.6460842631490784,0.16320442370036564,0.2526054773488696,True,198751.0,0.0,0.2512500455807786,0.0,791048.6127100032,426755.3872899964,5
2025-05-23,605033.SH,未知,倒接力31,1416554.9999999995,913687.0,-67323.0,0.6450063710904274,-0.04752586380338217,-0.07368278195924863,True,-67323.0,0.0,-0.0731651457486743,0.0,920151.245666313,496403.75433368655,5
2025-05-26,002727.SZ,未知,倒接力31,1349231.9999999995,871032.0,-2010.000000000029,0.6455761499875486,-0.0014897363833647806,-0.00230760752762244,True,-2010.000000000029,0.0,-0.002293420274630135,0.0,876420.2628862633,472811.7371137362,5
2025-05-27,603960.SH,未知,倒接力31,1347221.9999999995,867115.0,-52070.0,0.6436318587433996,-0.038649903282458285,-0.060049705056422736,True,-52070.0,0.0,-0.05950077664094943,0.0,875114.6277335236,472107.3722664759,5
2025-05-28,003042.SZ,未知,倒接力31,1295151.9999999995,837798.0,-64753.0,0.6468723362199961,-0.04999644829332775,-0.07728951370139342,True,-64753.0,0.0,-0.07696856266370614,0.0,841291.5320105584,453860.4679894411,5
2025-05-29,603011.SH,未知,倒接力31,1230398.9999999995,634502.0,36738.0,0.5156880003966196,0.02985860684217072,0.05790052671228775,True,36738.0,0.0,0.045966746243638335,0.0,799229.9434307781,431169.05656922143,4
2025-05-30,002609.SZ,未知,倒接力31,1267136.9999999995,820498.0,-46498.0,0.6475211441225379,-0.036695321816030954,-0.0566704611102038,True,-46498.0,0.0,-0.05649173637478101,0.0,823093.836088168,444043.16391183157,5
2025-06-04,603518.SH,未知,倒接力31,1220638.9999999995,789471.0,103624.0,0.6467686187316646,0.08489324034378717,0.13125751294221066,True,103624.0,0.0,0.13069149733977914,0.0,792890.1428881212,427748.85711187834,5
2025-06-05,603238.SH,未知,倒接力31,1324262.9999999995,853980.0,-60108.00000000003,0.6448719023336001,-0.04538977529388048,-0.07038572331904731,True,-60108.00000000003,0.0,-0.06987667890930595,0.0,860201.1563545422,464061.8436454573,5
2025-06-06,002250.SZ,未知,倒接力31,1264154.9999999995,817748.0,205384.0,0.6468732077949304,0.16246741894783479,0.25115805847278133,True,205384.0,0.0,0.250115441055557,0.0,821156.8191600734,442998.1808399261,5
2025-06-09,600151.SH,未知,倒接力31,1469538.9999999995,951152.0,-47797.0,0.6472451564742414,-0.03252516605547727,-0.050251694786953086,True,-47797.0,0.0,-0.05007186244512777,0.0,954568.0481204245,514970.95187957503,5
2025-06-10,002878.SZ,未知,倒接力31,1421741.9999999995,919575.0,210915.0,0.6467945661027108,0.14834970057858604,0.22936138977244924,True,210915.0,0.0,0.22838148738355,0.0,923520.5638440549,498221.4361559446,5
2025-06-11,603906.SH,未知,倒接力31,1632656.9999999995,1056537.0,-79237.0,0.6471273513052651,-0.0485325454152342,-0.07499690025053547,True,-79237.0,0.0,-0.07471491256950213,0.0,1060524.5629684874,572132.4370315121,5
2025-06-12,002734.SZ,未知,倒接力31,1553419.9999999995,1002623.0,-30263.0,0.6454294395591664,-0.019481531073373595,-0.030183827819629114,True,-30263.0,0.0,-0.02999143932002074,0.0,1009054.6064522478,544365.3935477517,5
2025-06-13,002366.SZ,未知,倒接力31,1523156.9999999995,987099.0,46232.0,0.6480612307201427,0.030352747615643046,0.046836234258164584,True,46232.0,0.0,0.046727466382488134,0.0,989396.6777819176,533760.3222180819,5
2025-06-17,002657.SZ,未知,倒接力31,1569388.9999999995,1012398.0,20624.0,0.6450905416056824,0.013141420004855396,0.020371434949496146,True,20624.0,0.0,0.020230961271478557,0.0,1019427.5854343879,549961.4145656116,5
2025-06-23,603256.SH,未知,倒接力31,1590012.9999999995,1030896.0,-16869.0,0.6483569631191697,-0.010609347219173683,-0.016363435302882152,True,-16869.0,0.0,-0.016332884317483868,0.0,1032824.3114991168,557188.6885008827,5
2025-06-24,600201.SH,未知,倒接力31,1573143.9999999995,1019900.0,9258.99999999997,0.6483195435382904,0.005885665902167872,0.009078341013824856,True,9258.99999999997,0.0,0.00906086852711701,0.0,1021866.7197620186,551277.2802379809,5
2025-06-25,002281.SZ,未知,倒接力31,1582402.9999999995,1010730.0,30030.0,0.6387310944177939,0.018977466549292443,0.02971119883648452,True,30030.0,0.0,0.029215441759540647,0.0,1027881.0858710821,554521.9141289174,5
2025-06-26,603123.SH,未知,倒接力31,1612432.9999999995,1042745.0,-12850.0,0.6466904361297494,-0.007969323376537198,-0.012323242978868276,True,-12850.0,0.0,-0.012268618804592181,0.0,1047387.664794851,565045.3352051486,5
2025-06-30,002579.SZ,未知,倒接力31,1599582.9999999995,1035206.0,-2381.0,0.6471724193117834,-0.0014885129436859486,-0.0023000253089723206,True,-2381.0,0.0,-0.0022915368129683587,0.0,1039040.6937935046,560542.3062064949,5
2025-07-01,600684.SH,未知,倒接力31,1597201.9999999995,1037208.0,-23996.000000000204,0.6493906218499603,-0.01502377282272387,-0.023135185999336876,True,-23996.000000000204,0.0,-0.023128806933780305,0.0,1037494.0682717767,559707.9317282229,5
2025-07-02,603124.SH,未知,倒接力31,1573205.9999999993,1010686.0,17404.0,0.6424371633466949,0.01106275974030102,0.017219987216603377,True,17404.0,0.0,0.017030904101612333,0.0,1021906.9930851378,551299.0069148615,5
2025-07-03,600876.SH,未知,倒接力31,1590609.9999999993,1030128.0,-38428.0,0.6476307831586627,-0.02415928480268577,-0.037304102014506936,True,-38428.0,0.0,-0.03719275047971762,0.0,1033212.1046265722,557397.8953734271,5
2025-07-04,002938.SZ,未知,倒接力31,1552181.9999999993,999947.0,97596.99999999988,0.6442202009815862,0.06287729145164674,0.09760217291516439,True,97596.99999999988,0.0,0.0967983709328018,0.0,1008250.4391293165,543931.5608706828,5
2025-07-07,002020.SZ,未知,倒接力31,1649778.999999999,1069340.0,-47351.0,0.6481716642047212,-0.028701420008376895,-0.04428058428563413,True,-47351.0,0.0,-0.04418527955208613,0.0,1071646.4958467013,578132.5041532977,5
2025-07-08,002366.SZ,未知,倒接力31,1602427.999999999,1037778.0,-23461.99999999997,0.6476284737910225,-0.014641531475985183,-0.02260791807110959,True,-23461.99999999997,0.0,-0.02254035379253902,0.0,1040888.7196688998,561539.2803310993,5
2025-07-09,002865.SZ,未知,倒接力31,1578965.999999999,1010358.0,30686.0,0.6398858493469781,0.019434237342666034,0.030371412905128677,True,30686.0,0.0,0.02991863153867178,0.0,1025648.5147168696,553317.4852831295,5
2025-07-14,002623.SZ,未知,倒接力31,1609651.999999999,1041453.0,27900.0,0.6470050669337227,0.017332939045209782,0.026789495061226958,True,27900.0,0.0,0.026683723556128452,0.0,1045581.2113820302,564070.7886179689,5
2025-07-17,603617.SH,未知,倒接力31,1637551.999999999,1061123.0,134797.0,0.6479934682990223,0.08231616461645191,0.12703239869459054,True,134797.0,0.0,0.12672413922976333,0.0,1063704.2067857315,573847.7932142676,5
2025-07-18,002246.SZ,未知,倒接力31,1772348.999999999,1148211.0,435981.0,0.6478470098157871,0.24599049058622213,0.37970460133198514,True,435981.0,0.0,0.37869759024238964,0.0,1151264.257374718,621084.742625281,5
2025-07-21,600629.SH,未知,倒接力31,2208329.999999999,573300.0,58968.0,0.2596079390308515,0.026702530871744724,0.10285714285714286,True,58968.0,0.0,0.04110802848680982,0.0,1434464.3168407078,773865.6831592913,2
2025-07-22,600585.SH,未知,倒接力31,2267297.999999999,1466769.0,-9162.0,0.64692378328742,-0.0040409333047530605,-0.006246382354685707,True,-9162.0,0.0,-0.006220938464707915,0.0,1472768.144545563,794529.855454436,5
2025-07-23,601699.SH,未知,倒接力31,2258135.999999999,1463557.0,-48988.0,0.6481261536063375,-0.021693998944262,-0.033471877077558304,True,-48988.0,0.0,-0.03339749070516757,0.0,1466816.7867000895,791319.2132999096,5
2025-07-24,603716.SH,未知,倒接力31,2209147.999999999,1425362.0,194400.0,0.6452089221727112,0.08799772582008995,0.13638640569904348,True,194400.0,0.0,0.13547079253129907,0.0,1434995.664877992,774152.3351220072,5
2025-07-25,600259.SH,未知,倒接力31,2403547.999999999,1553349.0,32045.99999999971,0.6462733425752265,0.013332789692571033,0.020630264029525697,True,32045.99999999971,0.0,0.02052557119485667,0.0,1561272.019948943,842275.980051056,5
2025-07-28,600895.SH,未知,倒接力31,2435593.9999999986,1576876.0,83612.0,0.6474297440377997,0.034329202650359644,0.053023826857660335,True,83612.0,0.0,0.052849141800776586,0.0,1582088.1314438179,853505.8685561807,5
2025-07-29,002174.SZ,未知,倒接力31,2519205.9999999986,1632956.0,22230.0,0.6482026479771805,0.008824208897565348,0.013613349043085055,True,22230.0,0.0,0.013584698487082976,0.0,1636399.9555188816,882806.044481117,5
2025-07-30,600581.SH,未知,倒接力31,2541435.9999999986,1649694.0,102774.00000000029,0.6491188446217024,0.04043934216718436,0.06229882632779188,True,102774.00000000029,0.0,0.06225558310487763,0.0,1650839.8905663467,890596.1094336519,5
2025-07-31,601869.SH,未知,倒接力31,2644209.999999999,1703504.0,11361.0,0.6442393002068673,0.0042965573838689075,0.006669194789093539,True,11361.0,0.0,0.0066144667776862195,0.0,1717598.7697641966,926611.2302358025,5
2025-08-01,002424.SZ,未知,倒接力31,2655570.999999999,1723401.0,71187.0,0.6489756816895502,0.026806664178815037,0.04130611505969882,True,71187.0,0.0,0.041268339693789895,0.0,1724978.5314409512,930592.4685590479,5
2025-08-04,603286.SH,未知,倒接力31,2726757.999999999,1763861.0,144886.99999999994,0.6468711194759493,0.05313526172839687,0.08214196016579535,True,144886.99999999994,0.0,0.08180070508209152,0.0,1771219.451648954,955538.548351045,5
2025-08-05,002558.SZ,未知,倒接力31,2871644.999999999,1858047.0,18657.0,0.6470322759254715,0.006496972989349313,0.010041188409119899,True,18657.0,0.0,0.010001963933943571,0.0,1865333.660790749,1006311.3392092502,5
2025-08-06,600610.SH,未知,倒接力31,2890301.999999999,1874441.0,-41654.0,0.6485277317041612,-0.014411642797188672,-0.022222091812972508,True,-41654.0,0.0,-0.022186444629315776,0.0,1877452.6832010306,1012849.3167989685,5
2025-08-08,600651.SH,未知,倒接力31,2848647.999999999,1848911.0,70641.0,0.6490486013013895,0.024798079650416627,0.038206814714174996,True,70641.0,0.0,0.038176162760893334,0.0,1850395.505762114,998252.4942378851,5
2025-08-11,601089.SH,未知,倒接力31,2919288.999999999,1888618.0,47654.0,0.6469445128591245,0.01632383775638521,0.025232206830603118,True,47654.0,0.0,0.025130231689521478,0.0,1896281.7608987757,1023007.2391012234,5
2025-08-12,603757.SH,未知,倒接力31,2966942.999999999,766944.0,276234.0,0.25849637151775423,0.09310391200639853,0.3601749280260358,True,276234.0,0.0,0.14333166715078463,0.0,1927236.3567040798,1039706.6432959193,2
2025-08-13,000006.SZ,未知,倒接力31,3243176.999999999,2106270.0,-61662.0,0.6494465149450679,-0.019012838337223042,-0.029275449016507856,True,-61662.0,0.0,-0.02926989594116353,0.0,2106669.6008741884,1136507.3991258107,5
2025-08-14,603031.SH,未知,倒接力31,3181514.999999999,2061376.0,197374.0,0.6479227663550229,0.062037739881785896,0.09574866496941849,True,197374.0,0.0,0.0955058975707916,0.0,2066615.8323228254,1114899.1676771736,5
2025-08-15,600410.SH,未知,倒接力31,3378888.999999999,2191095.0,233496.00000000035,0.6484661082385366,0.06910437128890604,0.10656589513462462,True,233496.00000000035,0.0,0.10638483959261572,0.0,2194824.0077640493,1184064.9922359497,5
2025-08-18,002873.SZ,未知,倒接力31,3612384.9999999995,2344372.0,428320.0,0.6489817668936174,0.1185698645077975,0.18270138015639156,True,428320.0,0.0,0.18253600721500618,0.0,2346495.940910381,1265889.0590896187,5
2025-08-19,002871.SZ,未知,倒接力31,4040704.9999999995,1048036.0,6996.0,0.25936959020764944,0.0017313810337552483,0.006675343213401066,True,6996.0,0.0,0.0026654275281615862,0.0,2624719.6466922215,1415985.353307778,2
2025-08-20,002382.SZ,未知,倒接力31,4047700.9999999995,2628009.0,-82073.00000000029,0.6492596661660534,-0.020276448285088327,-0.031230106137383962,True,-82073.00000000029,0.0,-0.0312151989531723,0.0,2629264.0365074296,1418436.96349257,5
2025-08-21,600864.SH,未知,倒接力31,3965627.999999999,2573521.0,-225345.00000000006,0.6489567352257954,-0.056824543300581926,-0.08756291477707004,True,-225345.00000000006,0.0,-0.08748028252340903,0.0,2575951.900243344,1389676.0997566553,5
2025-08-22,002369.SZ,未知,倒接力31,3740282.999999999,2427628.0,-65655.0,0.649049283169215,-0.017553484589267716,-0.027044917919878994,True,-65655.0,0.0,-0.027023249144594898,0.0,2429574.6099477494,1310708.3900522497,5
2025-08-25,601208.SH,未知,倒接力31,3674627.999999999,2380212.0,-77303.00000000017,0.6477423020779248,-0.021036959387453695,-0.03247735915960434,True,-77303.00000000017,0.0,-0.03238599104815127,0.0,2386927.109473556,1287700.8905264433,5
2025-08-26,002600.SZ,未知,倒接力31,3597324.999999999,2333256.0,224895.0,0.6486086189043249,0.06251728715086906,0.09638676596138615,True,224895.0,0.0,0.09624415129261774,0.0,2336713.4208107484,1260611.5791892507,5
2025-08-27,605188.SH,未知,倒接力31,3822219.999999999,2477343.0,797397.0,0.648142440780489,0.20862142943106368,0.321875896878228,True,797397.0,0.0,0.3211686452195383,0.0,2482798.4047288634,1339421.5952711357,5
2025-08-28,002053.SZ,未知,倒接力31,4619616.999999999,2998123.0,449737.0,0.648998174523992,0.09735374166299936,0.15000618720446093,True,449737.0,0.0,0.14987419749844155,0.0,3000763.3569125636,1618853.6430874355,5
2025-08-29,002815.SZ,未知,倒接力31,5069353.999999999,3287646.0,-116981.00000000012,0.6485335212336721,-0.023076115812784063,-0.035581993925136744,True,-116981.00000000012,0.0,-0.03552523282355325,0.0,3292898.897553224,1776455.102446775,5
2025-09-01,605288.SH,未知,倒接力31,4952372.999999999,3200516.0,180554.0,0.6462590762044783,0.03645807777402874,0.05641402823794663,True,180554.0,0.0,0.05612650377253084,0.0,3216911.581233497,1735461.4187665023,5
2025-09-02,603986.SH,未知,倒接力31,5132926.999999999,3293999.0,-105041.0,0.6417389142686036,-0.020464152324784674,-0.03188859498743017,True,-105041.0,0.0,-0.0315041656825055,0.0,3334193.9938542815,1798733.0061457176,5
2025-09-03,603179.SH,未知,倒接力31,5027885.999999999,3248023.0,-100290.0,0.6460017192116131,-0.019946752969339406,-0.030877244403749605,True,-100290.0,0.0,-0.030707639407716793,0.0,3265962.5400836654,1761923.4599163337,5
